id,price_per_sqm,apartment,number_of_whole_rooms,number_of_half_rooms,apartment_floor,longitude,latitude,furnish_furnished,location_district,view_total,lift,air_conditioner,heating_total,cluster
84,20.80769231,1,2,0,1.5,19.0540084,47.506842,1,V,street,,0,,1
186,18.86792453,1,4,0,3,19.0661169,47.507102,0,VI,,,0,,1
190,17.89473684,1,3,0,4,19.0606593,47.5036401,1,VI,street,,0,,1
191,20.63492063,1,2,0,4,19.0503431,47.5026354,1,V,,,0,,1
192,22,1,2,1,1,19.0429126,47.4885609,1,I,panoramic,,0,,1
217,20.31428571,1,1,1,5,19.052907,47.495042,1,V,,1,0,,1
218,17.65714286,1,1,1,0,19.0559523,47.4905483,1,V,,,1,,1
254,21.17647059,1,3,0,3,19.0494985,47.5085913,1,V,street,,0,,1
256,19.61538462,1,2,0,1.5,19.0540084,47.506842,1,V,street,,1,,1
262,17.5862069,1,2,1,13,19.084339,47.5249872,1,XIII,panoramic,,1,central,1
273,20.31428571,1,1,1,5,19.0527847,47.4954647,1,V,panoramic,1,1,,1
274,17.65714286,1,1,1,0,19.0552478,47.4905759,1,V,,,1,,1
286,18.18181818,1,3,0,3,19.0563049,47.492361,1,V,street,,1,,1
324,18.46268657,1,3,0,2,19.0531766,47.499353,1,V,,,0,,1
470,18.73469388,1,1,1,6,19.0660064,47.5478439,0,XIII,,,0,,1
526,16.4893617,1,1,1,6,19.0750427,47.4857026,1,VIII,,,0,,1
528,19.44444444,1,1,0,0,19.053635,47.4921529,1,V,,,0,gas,1
532,17.66666667,1,2,0,3,19.0584655,47.5021804,1,VI,street,1,0,,1
548,18.95454545,1,1,0,-2,19.045355,47.4656648,1,XI,street,,0,,1
676,17.91044776,1,3,0,1,19.048129,47.500933,1,V,,,0,,1
677,18.91891892,1,1,0,6,19.0516899,47.5113422,1,V,street,,1,floor,1
678,18.42105263,1,2,0,6,19.0510062,47.508868,1,V,street,,1,electric,1
743,20.28985507,1,3,0,4,19.0586668,47.5010645,1,VI,,,0,,1
793,22.66009852,1,4,0,3,19.049203,47.4976321,1,V,street,,0,,1
794,21.19205298,1,4,0,5,19.0516899,47.5113422,1,V,street,,1,floor,1
795,16.66666667,1,4,0,4,19.0563915,47.4909099,1,V,street,,0,,1
796,18.33333333,1,3,0,4,19.0568976,47.4901195,1,V,panoramic,,0,,1
799,22.22222222,1,2,0,1,19.0661906,47.507149,1,VI,street,,0,,1
800,22.5,1,3,0,3,19.055482,47.491452,1,V,street,,0,,1
801,20,1,3,0,2,19.0481909,47.5106296,1,V,street,,0,,1
803,22,1,1,1,2,19.050522,47.5003036,1,V,,,0,,1
855,16.56441718,1,4,0,4,19.0579179,47.4886896,1,V,street,,0,,1
856,19.04761905,1,3,0,5,19.0481909,47.5106296,1,V,street,,0,,1
884,18.18181818,1,3,0,1,19.0481909,47.5106296,1,V,street,,0,,1
893,21.62162162,1,5,0,1,19.0331336,47.4990907,1,I,garden,1,0,,1
972,17.85714286,1,2,0,4,19.0575384,47.4962364,1,V,panoramic,,0,,1
1020,16.4893617,1,2,0,6,19.074618,47.4859732,1,VIII,panoramic,,0,,1
1062,17.33333333,1,2,0,5,19.0663605,47.5075644,1,VI,street,,0,,1
1091,17.14285714,1,3,0,3,19.0471359,47.5009694,1,V,street,,0,,1
1103,17.91044776,1,3,0,1,19.048129,47.500933,1,V,,,0,,1
1106,20.78947368,1,2,0,6,19.0516899,47.5113422,1,V,street,,1,electric,1
1107,18.91891892,1,1,0,6,19.0516899,47.5113422,1,V,street,,1,floor,1
1128,20.48837209,1,1,0,1,18.9900798,47.4936985,1,XII,panoramic,,0,central,1
1141,21.73913043,1,3,0,4,19.0661169,47.507102,1,VI,street,,0,,1
1147,16.4893617,1,2,0,6,19.076159,47.4857949,1,VIII,street,,0,,1
1164,17.83333333,1,2,1,3,19.049021,47.502012,1,V,street,1,1,,1
1225,18.46268657,1,3,0,2,19.0531766,47.499353,1,V,panoramic,,0,,1
1251,19.67213115,1,2,0,2,19.0666647,47.5074546,1,VI,garden,1,0,central,1
1299,21.37391304,1,1,0,3,19.0496529,47.4972138,1,V,street,,0,,1
1304,18.45833333,1,2,0,12,19.0511781,47.5157739,0,XIII,panoramic,1,1,district,1
1356,22.65822785,1,1,1,8,19.0706304,47.4738029,1,IX,,,0,,1
1467,20.51282051,1,4,0,3,19.0542845,47.4887515,1,V,street,,0,,1
1497,17.66666667,1,1,1,3,19.0563049,47.4908526,1,V,,,0,,1
1500,20.80769231,1,2,0,1.5,19.052104,47.5068001,1,V,street,,0,,1
1541,22.58139535,1,2,0,0,19.0766549,47.5121462,1,VI,street,,1,,1
1546,17.53333333,1,1,1,3,19.0608395,47.5069155,1,VI,,,1,,1
1553,18.42,1,2,0,1,19.0700824,47.5491121,1,XIII,garden,,0,,1
1555,17.4516129,1,3,0,2,19.0561664,47.4927828,1,V,street,,0,,1
1567,18.86792453,1,4,0,3,19.0661169,47.507102,0,VI,,1,1,,1
1568,21.15384615,1,2,0,0.5,19.05416394,47.50714797,1,V,street,,0,,1
1642,19.54022989,1,3,0,2,19.0264061,47.5257602,1,II,panoramic,,0,,1
1660,21.18627451,1,3,0,6,19.0563049,47.4908526,1,V,panoramic,,0,,1
1686,18.2,1,3,0,8,19.076159,47.4857949,1,VIII,garden,,0,,1
1700,20,1,1,0,1,19.046683,47.504896,1,V,street,,0,,1
1734,20.89552239,1,3,0,1,19.0571633,47.507189,1,VI,garden,1,0,,1
1751,19.82051282,1,1,0,1,19.0464952,47.5042796,0,V,street,,0,central,1
1774,18.62650602,1,2,1,2,19.05417,47.509784,1,V,street,,0,,1
1811,18.81188119,1,3,0,4,19.0709015,47.4917504,1,VIII,street,,0,,1
1814,19.93548387,1,1,0,4,19.03933826,47.49360111,1,I,,,0,,1
1955,18.48453608,1,2,2,2,19.020635,47.4915761,1,XII,panoramic,,0,,1
1969,20,1,1,1,4,19.0677477,47.5129746,1,VI,,,0,,1
1999,18.33333333,1,1,0,2,19.0579916,47.4949408,1,V,,,0,,1
2018,18,1,2,0,3,19.0704538,47.510053,1,VI,garden,1,0,,1
2019,17.22857143,1,3,0,1,19.0563049,47.4908526,1,V,street,,0,,1
2027,16.66666667,1,3,1,8,19.076159,47.4857949,1,VIII,,,0,,1
2046,17.94871795,1,3,0,3,19.049021,47.502012,1,V,street,,0,,1
2073,20,1,1,1,1,19.04873755,47.51600364,1,XIII,street,,0,,1
2074,17.5,1,1,0,1,19.04883947,47.516029,1,XIII,street,,0,,1
2079,20,1,1,0,4,19.0704538,47.510053,1,VI,garden,1,0,,1
2080,17.39130435,1,2,0,2,19.0704538,47.510053,1,VI,garden,1,0,,1
2081,19.51219512,1,2,0,1,19.0704538,47.510053,1,VI,garden,1,0,,1
2083,21.05263158,1,2,0,5,19.0665015,47.50761,1,VI,garden,1,0,central,1
2085,22.63779528,1,4,0,1,19.0496529,47.4972138,1,V,street,,0,,1
2089,17.94642857,1,2,0,4,19.0575384,47.4962364,1,V,panoramic,,0,,1
2091,17.4516129,1,3,0,2,19.0563034,47.492431,1,V,street,,1,,1
2100,16.25,1,2,1,6,19.060283,47.4929646,1,V,panoramic,,0,,1
2117,17,1,1,1,3,19.0678026,47.5129216,1,VI,,,0,,1
2142,17.85714286,1,2,0,4,19.0561494,47.4974188,1,VII,street,,0,,1
2157,17.94642857,1,2,0,4,19.0575384,47.4962364,1,V,street,,0,,1
2176,16.425,1,2,1,6,19.05887,47.4922038,1,V,panoramic,,0,,1
2209,20.83333333,1,1,1,1.5,19.0444454,47.493077,0,I,,,0,,1
2216,16.425,1,2,1,6,19.05887,47.4922038,0,V,street,,0,,1
2225,22.4125,1,3,0,6,19.0660634,47.5480001,1,XIII,panoramic,,0,,1
2229,22.22222222,1,2,1,13,19.052104,47.5068001,1,V,,,0,,1
2245,19.31818182,1,2,0,8,19.0695533,47.5347266,1,XIII,,,0,,1
2251,18.03333333,1,1,0,1,19.0645768,47.4854144,1,IX,,,0,,1
2282,17.13178295,1,3,1,1.5,19.0359,47.528414,1,III,panoramic,,0,,1
2285,21.07272727,1,5,0,1,18.9884614,47.520376,1,II,garden,,0,,1
2307,18.734375,1,3,0,10,19.0772509,47.4856955,1,VIII,garden,,0,,1
2317,16.66666667,1,3,1,8,19.076159,47.4857949,1,VIII,street,,1,,1
2324,17.94871795,1,3,0,3,19.049021,47.502012,1,V,street,,0,,1
2330,17.07317073,1,2,0,1,19.060364,47.5014494,1,VI,street,,0,,1
2331,22.08163265,1,3,0,2,19.052695,47.501509,1,V,street,1,1,gas,1
2334,19.63063063,1,5,0,1,18.9898744,47.5200609,1,II,,1,0,central,1
2370,18.75,1,3,0,3,19.0772509,47.4856955,1,VIII,,,0,,1
2372,16.66666667,1,3,0,7,19.076159,47.4857949,1,VIII,garden,,0,,1
2376,17.07317073,1,2,1,2,19.0528279,47.496733,1,V,,,0,,1
2378,17.85714286,1,4,0,4,19.0550047,47.5047603,1,VI,street,1,1,gas,1
2379,17.94871795,1,2,1,3,19.049021,47.502012,1,V,street,,1,,1
2391,20,1,1,0,5,19.0481909,47.5106296,1,V,garden,1,0,,1
2396,17.94871795,1,2,1,3,19.049021,47.502012,1,V,street,,1,,1
2424,19.62962963,1,3,0,3,19.0576173,47.4944808,1,V,street,,0,,1
2425,20,1,5,0,1,18.9899121,47.5202318,1,II,garden,,0,,1
2437,17.33333333,1,1,0,2,19.0261959,47.5234217,1,II,panoramic,1,1,ceiling,1
2445,21.52760736,1,4,0,3,19.0513176,47.5119019,1,XIII,street,,0,,1
2446,21.024,1,2,2,3,19.0494512,47.4955054,1,V,panoramic,,0,,1
2447,20.35772358,1,4,0,4,19.0578058,47.491504,1,V,panoramic,,0,,1
2449,22.22222222,1,2,0,5,19.049203,47.4976321,1,V,street,,0,,1
2450,22.2125,1,3,0,6,19.0660064,47.5478439,1,XIII,panoramic,,0,,1
2451,20.01315789,1,2,1,-0.5,19.0392414,47.5067642,0,I,panoramic,,0,,1
2458,19.328125,1,3,0,3,19.076159,47.4857949,1,VIII,,,0,,1
2461,17.22857143,1,3,0,4,19.0320434,47.5070923,1,I,panoramic,,0,,1
2464,16.5,1,3,0,9,19.076159,47.4857949,1,VIII,street,,1,,1
2479,17.82692308,1,2,0,1,19.0676634,47.5116348,1,VI,garden,,0,,1
2505,18.53333333,1,1,1,3,19.0589885,47.4878923,1,V,,,0,,1
2516,17.70833333,1,2,0,3,19.076159,47.4857949,1,VIII,panoramic,,0,,1
2524,18.33333333,1,3,0,3,19.0706304,47.4738029,1,IX,garden,,0,,1
2527,19.04761905,1,3,0,4,19.0677366,47.4999173,1,VII,street,,0,,1
2531,20,1,3,0,3,19.0494512,47.4955054,1,V,panoramic,,0,,1
2552,17.22857143,1,3,0,4,19.0274991,47.5067292,1,I,panoramic,,0,,1
2557,17.1875,1,3,0,2,19.0666521,47.507463,1,VI,garden,1,1,central,1
2565,18.27826087,1,4,0,12,19.0201431,47.53975,0,III,panoramic,,0,,1
2571,18.51851852,1,4,0,3,18.9930896,47.523876,1,II,panoramic,,0,,1
2576,18.33333333,1,1,0,2,19.0470811,47.504783,1,V,street,,0,gas,1
2578,18.18181818,1,3,0,3,19.0563049,47.492361,1,V,street,,1,,1
2580,16.82352941,1,3,0,3,19.076159,47.4857949,1,VIII,street,,1,,1
2593,18.57142857,1,3,0,5,19.0706304,47.4738029,1,IX,street,,0,,1
2610,22.72727273,1,4,0,2,19.0256428,47.5225731,1,II,garden,1,1,,1
2656,21.60493827,1,4,0,3,19.0485182,47.5126408,1,V,street,1,1,floor,1
2667,18.05555556,1,3,0,3,19.0581738,47.5042001,1,VI,,0,0,,1
2688,20.83333333,1,5,0,4,19.0568976,47.4901195,0,V,garden,1,0,wall,1
2711,19.64285714,1,2,1,1,19.0348525,47.4948354,1,I,street,,0,,1
2715,18.24324324,1,3,0,2,19.048176,47.5010774,1,V,,,0,,1
2731,17.39130435,1,2,0,8,19.076159,47.4857949,1,VIII,street,,1,,1
2740,18.81188119,1,3,1,3,19.0550047,47.5047603,1,VI,panoramic,,0,,1
2743,22.22222222,1,4,0,0.5,18.99801,47.527727,1,II,panoramic,,0,,1
2756,16.66666667,1,5,0,4,19.0568976,47.4901195,0,V,panoramic,1,0,,1
2779,21.65,1,1,0,1,19.0658171,47.4875978,1,IX,,1,1,electric,1
2789,21.29032258,1,4,0,2,19.0522794,47.5066098,1,V,street,,0,,1
2797,21.18644068,1,3,0,8,19.0644731,47.5476802,1,XIII,panoramic,,1,,1
2803,20.83333333,1,4,0,3,19.0575175,47.5031995,1,VI,street,,0,,1
2815,19.33333333,1,3,0,3,19.048176,47.5010774,1,V,,,0,,1
2825,16.66666667,1,1,0,6,19.0808603,47.5012992,1,VII,,,0,,1
2831,17.64705882,1,4,0,2,19.0639959,47.5123662,1,VI,street,,0,,1
2839,17.53333333,1,1,1,0,19.0583693,47.4876687,1,V,,,0,,1
2857,17.14285714,1,2,0,4,19.047426,47.50497,1,V,,,0,,1
2858,17.91044776,1,3,0,5,19.0551091,47.4905287,1,V,street,,1,,1
2866,20.38216561,1,3,0,1,19.0542845,47.4887515,1,V,street,,0,,1
2868,16.66666667,1,3,0,3,19.047426,47.50497,1,V,street,,0,,1
2869,19.31818182,1,2,1,2,19.0318031,47.5014708,1,I,panoramic,,0,,1
2870,21.64,1,2,1,3,19.052993,47.501212,1,V,,1,1,gas,1
2877,22,1,2,0,3,19.052993,47.501212,1,V,,,0,,1
2887,19.76744186,1,3,0,7,19.0660064,47.5478439,1,XIII,panoramic,,0,,1
2888,18.88888889,1,3,0,9,19.0558186,47.5194924,1,XIII,panoramic,,0,,1
2895,22.86,1,3,0,5,19.0666647,47.5074546,1,VI,garden,,0,,1
2896,20.41176471,1,2,0,0,19.0666647,47.5074546,1,VI,garden,,0,,1
2906,17.74193548,1,2,0,7,19.0664859,47.5076376,1,VI,garden,1,0,central,1
2912,17.6,1,3,0,4,19.0568976,47.4901195,1,V,panoramic,1,1,,1
2913,20,1,3,1,0,18.983351,47.515504,1,XII,panoramic,,0,,1
2916,18.27956989,1,3,0,3,19.0661169,47.507102,0,VI,street,,0,,1
2931,20,1,5,0,12,19.0611751,47.4892194,1,V,panoramic,,0,circulating,1
2934,18.08510638,1,4,0,4,19.0568976,47.4901195,1,V,street,,0,,1
2938,18.18181818,1,3,0,2,19.0316892,47.5108946,1,II,street,,0,,1
2945,16.76923077,1,2,1,3,19.0680444,47.4980742,1,VII,,,1,,1
2946,22,1,1,1,4,19.0665213,47.4993749,1,VII,street,,1,,1
2950,22.22222222,1,2,0,1,19.0318031,47.5014708,1,I,,,0,,1
2953,19.76744186,1,2,2,2,19.0318031,47.5014708,1,I,panoramic,,0,,1
2969,20.1,1,1,0,1,19.04643,47.50472,1,V,panoramic,1,0,central,1
2978,18.46268657,1,3,0,2,19.0531766,47.499353,1,V,,,0,,1
2986,19.78,1,1,2,2,19.049021,47.502012,1,V,,,0,,1
2988,20.83333333,1,1,2,4,19.0513226,47.5185033,0,XIII,panoramic,1,1,,1
2995,19.784,1,2,2,3,19.0485622,47.4961124,1,V,panoramic,,1,,1
2997,21.11111111,1,3,0,5,19.0444454,47.493077,1,I,panoramic,,0,,1
2999,18.57142857,1,2,0,4,19.050983,47.499818,1,V,,,1,,1
3000,16.41791045,1,3,0,5,19.0559523,47.4905483,1,V,,,1,,1
3019,17.87439614,1,4,0,4,19.051262,47.505071,1,V,panoramic,,0,,1
3025,18.72727273,1,1,1,1,19.07182768,47.48350532,1,IX,,,1,,1
3036,17.2295082,1,2,1,0.5,19.0482138,47.5125192,1,V,,,0,,1
3039,17.52,1,3,0,4,19.0632797,47.5022205,1,VII,street,,0,,1
3042,17.94871795,1,2,1,3,19.049231,47.501734,1,V,street,,0,,1
3043,20.83478261,1,3,2,3,19.032265,47.49922,1,I,panoramic,,0,,1
3045,17.859375,1,3,0,1,19.0666521,47.507463,1,VI,,,0,,1
3054,19.64285714,1,2,0,5,19.0666647,47.5074546,1,VI,garden,,0,,1
3055,22.04411765,1,2,1,3,19.0651911,47.484208,1,IX,street,1,1,,1
3064,18.42,1,3,0,2,19.0666647,47.5074546,1,VI,garden,,0,,1
3074,20.60526316,1,2,0,5,19.0661543,47.5071116,1,VI,,,1,,1
3084,20.60526316,1,2,0,5,19.0661543,47.5071116,1,VI,,,1,,1
3094,20.60526316,1,2,0,5,19.0661543,47.5071116,1,VI,,,1,,1
3104,20.60526316,1,2,0,5,19.0661543,47.5071116,1,VI,,,1,,1
3114,20.60526316,1,2,0,5,19.0661543,47.5071116,1,VI,,,1,,1
3124,20.60526316,1,2,0,5,19.0661543,47.5071116,1,VI,,,1,,1
3134,20.60526316,1,2,0,5,19.0661543,47.5071116,1,VI,,,1,,1
3144,20.60526316,1,2,0,5,19.0661543,47.5071116,1,VI,,,1,,1
3154,20.60526316,1,2,0,5,19.0661543,47.5071116,1,VI,,,1,,1
3164,20.60526316,1,2,0,5,19.0661543,47.5071116,1,VI,,,1,,1
3174,20.60526316,1,2,0,5,19.0661543,47.5071116,1,VI,,,1,,1
3184,20.60526316,1,2,0,5,19.0661543,47.5071116,1,VI,,,1,,1
3194,20.60526316,1,2,0,5,19.0661543,47.5071116,1,VI,,,1,,1
3204,20.60526316,1,2,0,5,19.0661543,47.5071116,1,VI,,,1,,1
3214,20.60526316,1,2,0,5,19.0661543,47.5071116,1,VI,,,1,,1
3224,20.60526316,1,2,0,5,19.0661543,47.5071116,1,VI,,,1,,1
3234,20.60526316,1,2,0,5,19.0661543,47.5071116,1,VI,,,1,,1
3244,20.60526316,1,2,0,5,19.0661543,47.5071116,1,VI,,,1,,1
3254,20.60526316,1,2,0,5,19.0661543,47.5071116,1,VI,,,1,,1
3264,20.60526316,1,2,0,5,19.0661543,47.5071116,1,VI,,,1,,1
3274,20.60526316,1,2,0,5,19.0661543,47.5071116,1,VI,,,1,,1
3333,18.55,0,3,0,-1,19.014488,47.490242,1,XII,,,0,,1
3391,17.81818182,1,2,0,1,19.02188,47.51758,1,II,panoramic,0,1,combination,1
3404,17.39130435,1,1,0,0,19.072168,47.519966,1,XIII,garden,1,,gas,1
3443,18.46914286,1,4,0,2,19.023384,47.517258,1,II,panoramic,1,1,,1
3469,21.33333333,1,2,0,1,19.069292,47.549168,1,XIII,panoramic,1,1,,1
3487,16.59259259,1,1,0,4,19.1044,47.50724,1,XIV,street,1,1,electric,1
3540,18.02666667,1,1,0,0,19.088299,47.48953,0,VIII,garden,,0,electric,1
3543,17.92,1,1,0,1,19.05801,47.50375,1,VI,garden,,,gas,1
3595,21.6,1,3,0,8,19.06694,47.54794,1,XIII,panoramic,1,1,central,1
3611,19.2,1,1,0,0,19.034426,47.535385,1,III,garden,0,0,combination,1
3666,17.98733913,1,2,0,1,19.05684,47.49051,0,V,garden,1,1,,1
3678,18.28571429,1,2,0,2,19.018349,47.516346,1,II,panoramic,1,1,,1
3714,21.23835616,1,4,0,1,19.04075,47.487556,1,I,panoramic,0,1,,1
3718,17.62318841,1,3,0,0,19.066038,47.59148,0,III,panoramic,1,1,central,1
3742,16,1,2,1,7,19.07538,47.48595,1,VIII,panoramic,1,1,ceiling,1
3744,19.88571429,1,2,0,2,19.070486,47.479218,1,IX,garden,1,1,central,1
3746,17.82857143,1,2,0,1,19.068987,47.47855,1,IX,,1,1,central,1
3792,16.34042553,1,2,2,8,19.075373,47.48588,1,VIII,panoramic,1,1,ceiling,1
3802,18.66666667,1,1,0,0,19.028381,47.49539,0,I,garden,,0,gas,1
3820,19.2,1,3,0,2,19.029865,47.501003,1,I,panoramic,,1,floor,1
3825,18.46153846,1,1,0,2,19.055044,47.502453,1,VI,garden,1,,electric,1
3828,21.73333333,1,3,0,1,18.97961,47.53289,0,II,panoramic,1,1,,1
3830,17.44,1,1,0,1,19.0485,47.515873,1,XIII,garden,1,1,electric,1
3856,20,1,3,0,3,19.05742,47.503155,1,VI,street,0,1,combination,1
3873,23.11111111,1,1,0,6,19.050585,47.516914,0,XIII,panoramic,1,1,district,1
3888,21.56521739,1,3,0,4,19.060156,47.50293,1,VI,street,1,1,combination,1
3902,20.92972973,1,2,0,1,19.01792,47.51631,1,II,street,1,1,wall,1
3930,18.08,1,1,1,1,19.05732,47.50724,1,VI,garden,1,,central,1
3938,18.09976,1,1,1,4,19.05732,47.50724,1,VI,street,1,1,central,1
3976,16.41701587,1,2,0,5,19.04727,47.50484,1,V,garden,1,0,,1
3995,20.59472281,1,3,0,2,19.034775,47.51464,1,II,street,1,1,gas,1
4050,17.23789804,1,1,1,2,19.018751,47.49205,1,XII,,1,1,,1
4063,17.80306885,1,2,1,2,19.04967,47.509396,1,V,street,1,1,,1
4082,19.88988718,1,1,0,4,19.05762,47.496075,1,V,panoramic,1,1,gas,1
4099,20.44494884,1,2,0,2,19.050583,47.50443,1,V,street,1,1,central,1
4101,17.23786667,1,2,0,2,19.05825,47.50218,1,VI,,1,1,combination,1
4165,16.45714286,1,2,0,5,19.06658,47.54851,1,XIII,panoramic,1,1,central,1
4169,18.09976,1,5,0,3,19.06766,47.50808,0,VI,panoramic,1,1,central,1
4173,18.06098,1,5,0,2,19.074677,47.512787,1,VI,street,1,1,combination,1
4174,17.73037714,1,3,0,3,19.033304,47.509167,1,II,street,1,1,central,1
4175,17.46173506,1,3,0,2,19.02684,47.52395,1,II,panoramic,1,1,combination,1
4195,20.41326316,1,3,0,3,19.050583,47.50443,1,V,,,1,,1
4260,18.91960976,1,3,0,5,19.04875,47.51185,1,V,panoramic,1,1,,1
4270,18.42670345,1,3,0,1,19.06214,47.48364,1,IX,street,1,1,gas,1
4289,22.42038217,1,3,0,1,19.054,47.48911,1,V,panoramic,1,1,central,1
4295,19.46864941,1,3,0,4,19.054825,47.49175,0,V,street,1,1,,1
4308,18.46153846,1,1,0,3,19.054,47.48911,1,V,garden,1,,central,1
4309,19.71809524,1,3,0,4,19.064728,47.49814,0,VII,street,1,1,combination,1
4312,17.23792593,1,1,0,4,19.073757,47.50075,0,VII,garden,1,,,1
4323,21.54733333,1,3,0,8,19.068441,47.47696,1,IX,street,1,1,,1
4332,21.6,1,1,0,1,19.05914,47.50132,1,VI,garden,1,,,1
4355,19,1,3,0,3,19.07679,47.48577,1,VIII,garden,1,1,central,1
4356,17.56310943,1,3,0,5,19.074677,47.512787,1,VI,garden,1,1,central,1
4366,18.52427463,1,4,0,3,18.973083,47.53856,0,II,panoramic,1,1,central,1
4389,22.16297143,1,5,0,3,18.969608,47.52283,0,II,panoramic,1,1,,1
4403,18.28114286,1,3,0,1,19.034729,47.50402,1,I,street,1,1,central,1
4413,22.16297143,1,5,0,3,18.967394,47.52366,0,II,panoramic,1,1,,1
4421,19.3926,1,3,0,4,19.059511,47.49836,1,VII,street,1,,central,1
4430,18.46914286,1,1,0,3,19.05885,47.49539,1,V,,1,1,,1
4440,22.98382222,1,1,1,6,19.050585,47.516914,1,XIII,panoramic,1,1,central,1
4454,19.10447761,1,3,0,2,19.05272,47.50156,1,V,panoramic,1,1,combination,1
4463,20.96497297,1,2,0,1,19.023384,47.517258,1,II,panoramic,1,1,combination,1
4469,20.4300642,1,2,1,1,19.074677,47.512787,1,VI,,0,0,,1
4486,18.56385641,1,2,0,2,19.05969,47.50283,1,VI,street,1,0,,1
4490,20.96498739,1,3,0,1,19.03781,47.500156,1,I,street,1,1,gas,1
4506,17.02766829,1,3,0,1,19.05732,47.50724,1,VI,,1,1,central,1
4516,17.77777778,1,2,0,6,19.06625,47.54782,1,XIII,panoramic,1,,central,1
4534,22.16297143,1,3,0,3,19.05272,47.50156,0,V,street,1,0,electric,1
4543,21.54733333,1,3,0,2,19.03781,47.500156,1,I,panoramic,1,,combination,1
4571,21.926592,1,2,0,3,19.05825,47.50218,1,VI,street,1,,combination,1
4578,19.8580224,1,4,0,0,18.99608,47.52995,0,II,panoramic,0,,combination,1
4580,19.60384837,1,3,0,6,19.058195,47.505077,1,VI,,1,1,,1
4603,21.77414737,1,2,0,6,19.06766,47.50808,1,VI,,1,,central,1
4605,18.32061069,1,4,0,2,19.054825,47.49175,1,V,,,1,combination,1
4616,19.51456604,1,3,0,1,19.04884,47.50189,1,V,street,1,1,combination,1
4619,19.15318519,1,4,0,3,18.99766,47.52017,0,II,panoramic,1,1,combination,1
4627,21.6,1,1,1,0.5,19.04512,47.49194,1,I,panoramic,1,,combination,1
4628,19.5047619,1,3,0,5,19.04875,47.51185,1,V,street,1,1,combination,1
4629,18.09976,1,3,0,2,19.06295,47.50112,1,VII,street,0,,combination,1
4643,18.616896,1,3,0,4,19.06766,47.50808,1,VI,,1,1,,1
4645,17.73037714,1,3,0,1,18.991344,47.530468,1,II,garden,0,1,,1
4666,17.70212766,1,2,0,4,19.065578,47.54785,0,XIII,panoramic,1,1,central,1
4678,21.58139535,1,3,0,2,19.053127,47.493084,1,V,garden,1,,,1
4688,20.68544,1,1,0,1,19.05748,47.49674,1,VII,garden,1,,,1
4719,18.80494545,1,1,0,4,19.0507,47.50115,1,V,street,1,0,,1
4730,18.07465631,1,3,0,5,19.05885,47.49539,1,V,panoramic,1,1,central,1
4756,18.32156863,1,2,0,2,19.03135,47.506992,1,I,street,1,1,,1
4760,16.5,1,3,1,4,19.05913,47.50219,1,VI,,1,1,combination,1
4769,21.44226341,1,2,0,1,19.02772,47.496,0,I,street,1,1,,1
4770,19.63807595,1,2,1,2,19.027914,47.496365,0,I,street,1,1,,1
4784,19.2481203,1,3,0,3,19.05914,47.50132,1,VI,,,1,,1
4794,22.48417391,1,2,0,1,19.065578,47.54785,1,XIII,panoramic,1,1,,1
4800,18.13333333,1,1,0,1,19.050585,47.516914,1,XIII,street,,,,1
4806,19.33218692,1,3,0,4,19.063143,47.50371,1,VI,street,1,,,1
4809,18.40707965,1,2,0,2,19.054825,47.49175,0,V,street,1,,combination,1
4812,16.89312,1,2,0,2,19.0717,47.47688,1,IX,garden,1,1,,1
4827,22.34538272,1,4,0,3,19.05164,47.51166,1,V,street,1,,,1
4830,17.237888,1,3,0,2,19.027287,47.51142,1,II,garden,1,,central,1
4844,17.73037714,1,4,0,2,19.0208,47.49172,1,XII,street,1,1,central,1
4860,17.23788986,1,2,0,1,19.055948,47.50285,1,VI,street,1,,combination,1
4868,22.29034483,1,3,0,3,19.038986,47.48415,0,XI,panoramic,1,1,central,1
4870,17.45454545,1,1,0,4,19.10978,47.508797,1,XIV,garden,1,,central,1
4872,17.77777778,1,1,0,2,19.046764,47.536938,1,III,street,1,,,1
4881,19.45098039,1,3,0,6,19.05684,47.49051,1,V,panoramic,1,1,,1
4929,22.48417391,1,4,0,3,19.013186,47.519497,0,II,panoramic,1,1,combination,1
4946,19.3926,1,3,0,2,19.0513,47.50918,1,V,panoramic,1,1,gas,1
4986,17.23786667,1,3,0,1,19.003765,47.570393,1,III,panoramic,1,1,,1
4995,19.11111111,1,2,0,7,19.05158,47.51609,0,XIII,panoramic,1,1,district,1
5016,17.77777778,1,1,0,1,19.046764,47.536938,1,III,street,1,1,,1
5024,21.97828,1,3,0,4,19.06658,47.54851,1,XIII,panoramic,1,1,combination,1
5025,17.23786667,1,2,0,4,19.033304,47.509167,1,II,street,1,1,combination,1
5027,17.62963636,1,2,0,1,19.015657,47.52394,1,II,garden,0,1,combination,1
5030,17.50306462,1,3,0,3,19.07538,47.48595,1,VIII,street,1,,central,1
5037,17.23786667,1,5,0,4,19.05684,47.49051,0,V,panoramic,1,1,combination,1
5046,17.82857143,1,3,0,1,19.05684,47.49051,1,V,street,1,1,central,1
5051,17.08797217,1,4,0,4,19.06069,47.500736,1,VI,street,1,1,combination,1
5052,17.50306462,1,3,0,8,19.07538,47.48595,1,VIII,street,1,1,,1
5057,17.582624,1,3,0,1,19.0328,47.50538,1,I,garden,0,1,combination,1
5079,17.23786667,1,3,0,3,19.05797,47.50428,1,VI,garden,0,1,combination,1
5081,16.80692,1,3,0,3,19.05002,47.49945,1,V,street,1,1,central,1
5086,19.651168,1,4,0,2,19.04194,47.48841,0,I,panoramic,1,1,central,1
5096,17.13586746,1,4,0,2,19.050583,47.50443,1,V,street,1,1,,1
5103,18.16964324,1,3,0,1,19.02684,47.52395,1,II,panoramic,1,1,combination,1
5134,18.88721805,1,4,0,2,19.054,47.48911,1,V,,1,1,central,1
5139,18.25882353,1,1,1,5,19.052387,47.496567,0,V,street,1,,central,1
5161,19.20795429,1,1,0,4,19.058537,47.503254,1,VI,street,1,1,combination,1
5166,20.68544,1,5,0,1,19.017626,47.515663,0,II,panoramic,1,1,combination,1
5183,18.96170667,1,1,0,1,19.05703,47.50508,1,VI,street,,0,electric,1
5203,18.03962791,1,3,0,2,18.98547,47.51476,0,XII,panoramic,1,1,,1
5206,18.07465631,1,4,0,2,19.0208,47.49172,0,XII,panoramic,1,1,central,1
5214,17.14285714,1,3,0,5,19.06658,47.54851,1,XIII,panoramic,1,1,central,1
5217,20.864,1,2,1,4,19.049063,47.49542,1,V,panoramic,1,1,,1
5222,16.73846154,1,3,0,4,19.04727,47.50484,1,V,panoramic,1,1,central,1
5250,21.25216438,1,2,0,4,19.05913,47.50219,1,VI,street,1,1,,1
5251,21.98845984,1,3,1,1,19.05752,47.49977,0,VI,street,0,1,,1
5252,19.22687179,1,3,0,4,19.062626,47.503605,1,VI,street,0,1,combination,1
5262,17.48065352,1,3,0,5,19.059235,47.522243,1,XIII,,1,,,1
5306,20.18091707,1,2,0,1,19.06766,47.50808,1,VI,street,1,,,1
5312,22.75555556,1,3,0,4,19.05285,47.50093,0,V,street,1,,combination,1
5316,17.01333333,1,2,0,3,19.04787,47.50566,1,V,,,1,,1
5317,22.06446933,1,3,0,3,19.054,47.48911,1,V,garden,1,,combination,1
5328,18.46914286,1,4,0,5,19.03916,47.50201,0,I,panoramic,1,1,floor,1
5333,19.60112258,1,4,0,3,19.034729,47.50402,1,I,street,1,1,combination,1
5337,18.28571429,1,1,2,3,19.054825,47.49175,1,V,garden,1,0,,1
5341,21.54733333,1,5,0,4,19.05684,47.49051,0,V,garden,1,1,,1
5347,21.70694321,1,3,0,9,19.055216,47.522263,1,XIII,garden,1,,central,1
5352,20,1,1,0,2,19.06182,47.49676,1,VII,,1,0,gas,1
5362,19,1,3,0,3,19.07538,47.48595,1,VIII,garden,1,,central,1
5396,17.05450213,1,2,0,6,19.075373,47.485703,1,VIII,panoramic,1,1,central,1
5404,18.616896,1,3,1,2,19.034729,47.50402,0,I,,,1,,1
5428,16.33061053,1,3,0,5,19.07538,47.48595,1,VIII,garden,1,1,central,1
5430,17.87630617,1,3,0,2,19.03847,47.47895,1,XI,garden,1,1,combination,1
5438,19.3926,1,1,2,3,19.03506,47.50921,0,II,,1,,combination,1
5439,19.05237895,1,3,0,1,19.04818,47.50097,1,V,garden,1,1,central,1
5441,17.88235294,1,3,0,1,18.99191,47.49094,1,XII,panoramic,,,combination,1
5443,21.54733333,1,3,0,5,19.03715,47.487385,0,I,panoramic,1,1,central,1
5452,21.65888,1,3,0,2,19.0507,47.50115,1,V,garden,1,0,combination,1
5453,17.23786667,1,2,0,1,19.003485,47.521687,1,II,panoramic,1,1,combination,1
5454,19.97214897,1,4,0,4,19.05913,47.50219,1,VI,street,1,1,combination,1
5463,17.48065352,1,3,0,4,19.06092,47.49196,1,V,panoramic,1,0,central,1
5470,22.40922667,1,4,0,0,19.023012,47.533485,1,III,panoramic,,,combination,1
5480,22.48417391,1,4,0,1,18.990644,47.519184,1,II,garden,1,1,,1
5487,16.548352,1,3,0,4,19.07538,47.48595,1,VIII,panoramic,1,,central,1
5488,17.00173151,1,2,1,9,19.07538,47.48595,1,VIII,panoramic,1,1,,1
5489,17.237888,1,3,0,9,19.07538,47.48595,1,VIII,panoramic,1,1,central,1
5491,21.97828,1,3,0,9,19.056107,47.52027,1,XIII,street,1,1,central,1
5499,17.23786667,1,3,0,3,19.03781,47.500156,1,I,panoramic,1,,combination,1
5506,17.10528,1,3,1,2,18.99093,47.509247,1,XII,panoramic,0,1,combination,1
5513,19.78115847,1,5,0,1,19.03331,47.49915,1,I,garden,1,1,,1
5516,19.2,1,2,0,4,19.054,47.48911,1,V,street,1,1,combination,1
5518,17.46189474,1,3,1,3,19.054,47.48911,0,V,street,0,,electric,1
5523,20.68544,1,2,0,2,19.057964,47.502472,1,VI,panoramic,1,1,combination,1
5531,21.54733333,1,5,0,4,19.05684,47.49051,0,V,panoramic,1,1,,1
5535,18.80494545,1,1,1,2,19.06966,47.47468,1,IX,,1,1,,1
5538,18.80494545,1,1,0,1,19.05752,47.49977,0,VI,street,0,,,1
5543,20.85225806,1,3,0,1,19.058195,47.505077,1,VI,street,1,1,,1
5554,19.51456604,1,2,1,2,19.054,47.48911,1,V,garden,0,1,combination,1
5568,18.18181818,1,1,0,0,19.057398,47.517223,1,XIII,street,,0,gas,1
5569,18.09976,1,2,0,1,19.0606,47.50153,1,VI,street,0,1,electric,1
5578,21.54733333,1,3,0,4,19.05272,47.5177,0,XIII,panoramic,1,1,,1
5584,19.99013109,1,3,0,4,19.054825,47.49175,1,V,,1,1,,1
5587,21.709376,1,3,0,4,19.058195,47.505077,1,VI,,1,,,1
5589,21.2158359,1,4,0,4,19.06214,47.48364,1,IX,street,1,1,gas,1
5598,20.68544,1,2,0,1,19.034729,47.50402,0,I,street,0,,,1
5605,19.168,1,4,0,1,19.02346,47.490128,1,XII,garden,1,1,central,1
5606,16.76190476,1,2,0,3,19.07383,47.48735,1,VIII,street,1,1,central,1
5610,19.25,1,3,0,6,19.07734,47.48197,0,IX,panoramic,1,1,district,1
5642,18.4325703,1,4,0,2,19.050991,47.496605,1,V,street,0,1,combination,1
5691,18.46914286,1,4,0,5,19.07534,47.48007,1,IX,,1,1,,1
5714,20,1,5,0,2,19.04751,47.48345,0,XI,panoramic,1,1,combination,1
5721,20.8,1,1,0,5,19.06454,47.48512,1,IX,street,1,1,electric,1
5742,18.46153846,1,1,0,2,19.05513,47.50491,1,VI,garden,1,0,electric,1
5748,19.2,1,3,0,0,18.99093,47.509247,0,XII,garden,0,1,combination,1
5786,22.3255814,1,1,0,2,19.075872,47.511406,1,VI,street,,,combination,1
5793,22.12173913,1,3,0,3,19.04879,47.49776,0,V,street,1,1,combination,1
5854,20.68544,1,2,0,2,19.066448,47.507633,1,VI,street,1,1,central,1
5855,19.01237647,1,2,0,5,19.06774,47.51302,1,VI,,1,1,central,1
5856,17.49138824,1,2,0,2,19.06774,47.51302,1,VI,garden,1,1,central,1
5859,21.0087,1,1,0,6,19.06774,47.51302,1,VI,garden,1,1,central,1
5860,18.80494545,1,2,0,5,19.06774,47.51302,1,VI,garden,1,1,central,1
5861,20.68544,1,1,0,5,19.06774,47.51302,1,VI,garden,1,1,central,1
5863,17.65830244,1,2,0,5,19.06774,47.51302,1,VI,garden,1,1,central,1
5864,17.65830244,1,2,0,3,19.06774,47.51302,1,VI,garden,1,1,central,1
5895,16.84210526,1,4,0,5,19.054825,47.49175,0,V,,1,1,combination,1
5902,20.08615385,1,3,0,4,19.057415,47.498783,1,VI,garden,1,1,combination,1
5951,17.28,1,2,0,1,19.030611,47.453655,1,XI,panoramic,1,1,central,1
5966,18.28571429,1,3,0,2,19.053864,47.49748,1,V,panoramic,1,1,central,1
5970,17.00740741,1,1,1,2,19.032293,47.547848,1,III,garden,1,0,,1
5977,17.97565217,1,3,0,6,19.05684,47.49051,1,V,panoramic,1,1,electric,1
5983,17.33333333,1,1,0,2,19.05086,47.4975,0,V,street,0,,combination,1
6013,19.93326545,1,2,0,3,19.05825,47.50218,1,VI,street,1,1,combination,1
6050,17.72434286,1,1,0,4,19.05078,47.49336,1,V,street,1,,central,1
6070,18.05128205,1,3,0,5,19.05913,47.50091,1,VI,panoramic,1,1,wall,1
6161,17.23076923,1,2,1,2,19.03594,47.50498,1,I,,1,1,combination,1
6165,20.48,1,1,0,0,19.053127,47.493084,0,V,,1,0,central,1
6168,17.92738133,1,2,0,4,19.05913,47.50219,1,VI,garden,1,1,gas,1
6223,18.46914286,1,2,1,3,19.06766,47.50808,1,VI,street,1,1,combination,1
6283,17.0797546,1,4,0,4,19.05684,47.49051,0,V,street,1,1,combination,1
6284,18.27216,1,2,0,3,19.05825,47.50218,1,VI,street,1,,combination,1
6309,17.23076923,1,1,0,1,19.065235,47.495834,1,VII,street,,1,gas,1
6327,17.23076923,1,3,0,8,19.07538,47.48595,1,VIII,,1,1,central,1
6371,18.03962791,1,3,0,2,19.03916,47.50201,1,I,street,1,1,combination,1
6390,19.70041905,1,2,0,7,19.05752,47.49977,1,VI,panoramic,1,1,central,1
6418,20.97024928,1,3,0,4,19.05913,47.50091,1,VI,garden,1,1,central,1
6437,19.4,1,2,0,3,19.03138,47.50609,1,I,panoramic,0,1,gas,1
6443,19.2961194,1,3,0,3,19.023012,47.533485,1,III,panoramic,1,1,,1
6537,19.2,1,1,0,5,19.06454,47.48512,1,IX,,1,1,,1
6549,19.16444444,1,2,0,3,19.052185,47.49607,0,V,garden,1,,combination,1
6550,18.40355556,1,1,1,2,19.051497,47.50749,0,V,street,1,,central,1
6618,19.04761905,1,2,0,1,19.05317,47.5169,1,XIII,garden,1,1,district,1
6640,19.2,1,1,0,1,19.058596,47.508957,1,VI,,1,,gas,1
6698,20.738,1,4,1,4,19.0544,47.49129,0,V,street,1,,combination,1
6705,19.88984615,1,3,1,1,19.065578,47.54785,0,XIII,garden,1,1,,1
6714,21.11048767,1,3,0,5,19.056173,47.503613,1,VI,,1,1,central,1
6716,19.2,1,1,0,0,19.07444,47.49365,1,VIII,street,,0,electric,1
6739,17.14285714,1,1,0,2,19.06182,47.49676,1,VII,garden,1,0,combination,1
6772,17.68851064,1,1,1,4,19.050583,47.50443,0,V,street,1,,district,1
6780,17.05450213,1,2,0,6,19.075373,47.485703,1,VIII,street,1,0,central,1
6794,17.77777778,1,1,0,1,19.021711,47.50817,1,II,street,0,0,combination,1
6832,17.6,1,1,0,0,19.018597,47.494465,1,XII,garden,0,,gas,1
6850,16.88888889,1,1,1,3,19.03265,47.54685,0,III,street,,,gas,1
6853,20.73813333,1,4,0,5,19.03916,47.50201,0,I,street,1,,combination,1
6858,18.46153846,1,1,0,2,19.056719,47.513905,1,XIII,garden,1,1,gas,1
6869,17.73037714,1,3,0,10,19.07538,47.48595,1,VIII,panoramic,1,1,central,1
6885,18.38708148,1,1,0,4,19.07439,47.47665,1,IX,garden,1,,central,1
6904,17.93939394,1,2,0,3,19.05999,47.49022,1,V,street,1,,central,1
6910,18.51428571,1,1,1,3,19.068096,47.477886,1,IX,street,1,1,central,1
6914,22.12173913,1,1,0,3,19.04879,47.49776,0,V,street,1,0,combination,1
6932,19.3926,1,3,0,1,19.06766,47.50808,0,VI,street,,,central,1
6959,19.88984615,1,1,0,1,19.053127,47.493084,0,V,garden,1,,,1
6973,18.56,1,2,0,1,19.069292,47.549168,1,XIII,garden,1,,,1
7042,19.2,1,1,1,0,19.05486,47.48919,1,V,garden,,,gas,1
7062,21.06852346,1,3,0,3,19.05727,47.49434,1,V,street,1,1,combination,1
7066,18.80494545,1,3,0,1,19.0567,47.50241,1,VI,street,0,,,1
7099,18.13333333,1,1,1,3,19.061193,47.506397,1,VI,street,1,0,,1
7103,18.57142857,1,2,0,4,19.05748,47.49674,1,VII,panoramic,1,1,central,1
7105,19.51456604,1,2,0,4,19.05748,47.49674,1,VII,panoramic,1,1,central,1
7128,20.68544,1,3,0,2,19.03366,47.48508,1,XI,garden,1,,,1
7141,20.08510638,1,2,1,3,19.05913,47.50219,0,VI,garden,1,,combination,1
7149,18.7462,1,3,0,3,19.066608,47.513428,1,VI,garden,1,0,,1
7150,18.80494545,1,1,1,4,19.066608,47.513428,1,VI,garden,1,1,,1
7151,21.44226341,1,1,1,4,19.066608,47.513428,1,VI,garden,1,1,,1
7161,20.75828732,1,4,0,5,19.05907,47.5042,0,VI,street,1,1,,1
7187,19.27710843,1,2,1,2,19.05285,47.50979,1,V,street,1,1,gas,1
7260,17.73037714,1,3,0,8,19.07538,47.48595,1,VIII,,1,1,central,1
7270,19.88984615,1,3,0,1,19.003485,47.521687,0,II,panoramic,1,,combination,1
7304,19.2,1,1,0,1,19.11365,47.52174,1,XIV,garden,0,1,electric,1
7320,20.19310345,1,3,0,2,19.02674,47.52594,1,II,panoramic,1,1,combination,1
7338,19.86666667,1,1,0,0.5,19.054825,47.49175,1,V,,,,combination,1
7356,20.26666667,1,2,0,0.5,19.02765,47.51958,1,II,garden,0,,combination,1
7397,22.16297143,1,4,0,2,19.034101,47.492035,1,I,panoramic,1,1,combination,1
7432,19.69230769,1,1,1,3,19.061193,47.506397,1,VI,garden,1,,electric,1
7449,20.51282051,1,1,0,1,19.047161,47.50423,0,V,street,1,0,central,1
7453,21.49253731,1,2,0,2,19.045347,47.482227,1,XI,panoramic,0,1,,1
7461,17.68186047,1,2,2,2,19.037403,47.528786,0,III,,0,,central,1
7480,19.36410256,1,3,0,2,19.004889,47.567776,0,III,panoramic,1,0,,1
7485,18.56,1,1,0,1,19.05801,47.50375,1,VI,garden,0,0,gas,1
7504,17.33333333,1,1,1,2,19.07357,47.50021,1,VII,,1,1,,1
7517,18.13333333,1,1,0,1,19.02877,47.50182,1,I,garden,,,electric,1
7548,20.06796418,1,1,2,1,19.05732,47.50724,1,VI,,1,1,central,1
7575,18.03962791,1,2,1,5,19.050413,47.518974,0,XIII,street,1,,central,1
7578,19.42178218,1,3,0,4,19.070604,47.491985,1,VIII,street,1,1,combination,1
7585,19.33333333,1,3,0,2,19.051353,47.494392,1,V,street,1,1,central,1
7601,18.82352941,1,4,0,1,19.06614,47.54674,0,XIII,panoramic,1,,,1
7607,20.96497297,1,2,0,1,19.01792,47.51631,1,II,street,1,1,wall,1
7632,22.85714286,1,2,1,3,19.033304,47.509167,1,II,panoramic,1,,combination,1
7644,20.51282051,1,1,1,1,19.047161,47.50423,0,V,street,1,,,1
7657,18.44705882,1,2,0,2,19.06766,47.50808,1,VI,street,1,1,combination,1
7713,19.05237895,1,1,0,0,19.029873,47.496845,1,I,garden,1,1,central,1
7716,17.02857143,1,1,0,3,19.078857,47.478775,1,IX,garden,1,1,,1
7732,21.13207547,1,2,0,4,19.05748,47.49674,1,VII,street,1,1,central,1
7754,17.39130435,1,3,0,2,18.98885,47.467625,0,XI,panoramic,0,1,combination,1
7758,20,1,2,0,8,19.068096,47.477886,1,IX,panoramic,1,1,,1
7770,21.33333333,1,2,1,4,19.05253,47.50704,0,V,panoramic,1,1,ceiling,1
7817,18.616896,1,2,0,2,19.061125,47.503586,1,VI,street,1,1,combination,1
7839,16.5,1,3,1,4,19.05913,47.50219,1,VI,,1,,combination,1
7857,17.23786667,1,3,0,1,19.02877,47.50182,1,I,street,0,,combination,1
7861,19.27710843,1,2,1,2,19.05405,47.50982,1,V,street,1,1,gas,1
7875,20.23575652,1,1,1,4,19.066608,47.513428,1,VI,garden,1,1,,1
7940,20.86956522,1,1,0,1,19.05023,47.50032,1,V,street,1,1,,1
7985,16.86313043,1,1,2,3,19.05495,47.50121,1,VI,panoramic,1,,central,1
7987,16.8,1,1,0,3,19.082844,47.52656,0,XIII,street,1,,central,1
7993,17.45454545,1,1,0,1,19.02158,47.49196,0,XII,,0,1,,1
8015,20.51282051,1,1,0,1,19.053717,47.491856,0,V,street,1,0,central,1
8035,18.24,1,3,0,7,19.069292,47.549168,1,XIII,panoramic,1,1,,1
8074,16.88888889,1,3,0,8,19.069927,47.532753,1,XIII,panoramic,1,,central,1
8096,18.61818182,1,3,0,3,19.05682,47.50181,1,VI,street,1,1,combination,1
8117,21.50697674,1,1,0,3,18.99013,47.49309,1,XII,panoramic,0,1,central,1
8137,19.45098039,1,2,1,6,19.05684,47.49051,1,V,panoramic,1,1,,1
8142,22.02616296,1,4,0,2,19.003485,47.521687,0,II,panoramic,0,1,,1
8144,20.86689123,1,4,0,1,19.003485,47.521687,0,II,panoramic,0,0,combination,1
8164,20.52385,1,2,0,0,19.003485,47.521687,0,II,panoramic,0,1,,1
8204,21.2716763,1,4,1,4,19.01502,47.51646,1,II,panoramic,0,1,gas,1
8246,16.96,1,1,0,4,19.054,47.48911,1,V,panoramic,1,,central,1
8253,19.39591837,1,1,0,6,19.06658,47.54851,0,XIII,,1,,combination,1
8274,17.77777778,1,1,2,0,19.03135,47.49787,1,I,garden,1,0,gas,1
8279,21.89473684,1,1,0,3,19.064684,47.509514,1,VI,garden,,,electric,1
8313,17.23786667,1,3,0,2,19.03916,47.509647,1,II,panoramic,0,1,combination,1
8331,19.4,1,3,0,10,19.07538,47.48595,1,VIII,garden,1,1,central,1
8333,19.0694,1,1,1,2,19.06843,47.49368,1,VIII,,1,,combination,1
8351,18.46153846,1,1,0,0,19.06466,47.49987,1,VII,garden,,,electric,1
8355,17.39130435,1,3,0,2,18.98885,47.467625,1,XI,panoramic,0,,combination,1
8367,17.56509091,1,2,0,4,19.034729,47.50402,1,I,,,,central,1
8370,21.23180723,1,3,0,2,19.034729,47.50402,1,I,,,,,1
8383,19.05237895,1,3,0,4,19.048077,47.508606,0,V,panoramic,1,,central,1
8396,16.42804706,1,2,1,5,19.0507,47.50115,1,V,street,1,1,combination,1
8406,21.33333333,1,1,1,2,19.056265,47.493458,1,V,garden,1,,combination,1
8455,17.18518519,1,2,0,3,19.05261,47.50494,1,V,street,1,0,central,1
8470,19.7752809,1,3,0,5,19.05272,47.5177,1,XIII,panoramic,1,1,district,1
8474,17.77777778,1,3,0,3,19.07538,47.48595,1,VIII,garden,1,1,central,1
8475,16.96969697,1,3,0,5,19.07538,47.48595,1,VIII,,1,1,central,1
8482,18.49153939,1,3,1,3,19.0544,47.49129,1,V,street,1,1,central,1
8532,22.753984,1,3,0,5,19.061193,47.506397,1,VI,street,1,1,combination,1
8539,16.87272727,1,4,0,3,19.02674,47.52594,1,II,panoramic,1,1,combination,1
8604,18.96165333,1,3,0,3,19.06966,47.47468,1,IX,garden,1,1,,1
8613,18.40654463,1,3,0,3,19.055414,47.49149,0,V,panoramic,,,central,1
8615,19.88984615,1,1,0,2,19.09041,47.48453,1,VIII,street,1,0,electric,1
8640,16.94117647,1,2,1,2,19.053864,47.49748,1,V,,,1,central,1
8693,18.82352941,1,4,0,0,19.05708,47.574738,0,III,garden,1,,combination,1
8730,19.15318519,1,1,1,2,19.056093,47.502697,1,VI,street,1,1,combination,1
8731,17.00173151,1,2,0,3,19.056093,47.502697,1,VI,street,1,1,gas,1
8737,17.49333333,1,4,0,0.5,19.04482,47.47504,1,XI,street,1,1,combination,1
8759,18.25185882,1,3,0,3,19.0208,47.49172,1,XII,garden,1,1,central,1
8767,17.45454545,1,1,0,1,19.07985,47.55272,1,XIII,garden,,1,gas,1
8785,19.55555556,1,2,1,4,19.05797,47.50428,1,VI,street,1,1,combination,1
8797,16.80692,1,3,0,8,19.076778,47.485863,1,VIII,street,1,,central,1
8799,20.48,1,1,0,6,19.06966,47.47468,0,IX,garden,1,1,central,1
8823,19.2,1,1,0,2,19.050604,47.49847,1,V,garden,0,,gas,1
8829,17.23786667,1,2,1,1,19.037212,47.504704,1,I,street,1,1,combination,1
8849,16.74418605,1,1,1,4,19.032928,47.511826,1,II,panoramic,1,,electric,1
8872,17.82857143,1,3,0,4,19.032787,47.507095,1,I,panoramic,1,,combination,1
8882,19.3926,1,4,0,1,19.003485,47.521687,0,II,panoramic,0,1,combination,1
8894,21.77414737,1,2,0,6,19.06766,47.50808,1,VI,garden,,1,,1
8900,19.99973481,1,5,0,2,18.981806,47.50586,1,XII,panoramic,1,1,central,1
8906,22.12173913,1,3,0,3,19.04967,47.497208,0,V,street,1,1,combination,1
8908,18.18181818,1,1,1,6,19.06658,47.54851,1,XIII,panoramic,1,1,,1
8914,17.45454545,1,2,1,0,19.05231,47.51189,0,XIII,garden,,,electric,1
8940,22.4,1,0,1,0,19.06949,47.49281,0,VIII,garden,1,,gas,1
8942,18.38705778,1,1,1,2,19.049728,47.50794,1,V,street,1,,central,1
8961,21.2244898,1,3,1,2,19.050583,47.50443,0,V,street,1,0,combination,1
8962,20,1,1,0,2,19.050583,47.50443,0,V,street,1,,combination,1
8966,20.21052632,1,2,0,0,19.06628,47.499615,1,VII,,,1,electric,1
9028,20.41326316,1,3,0,2,19.04875,47.51185,1,V,street,1,1,combination,1
9036,20.48,1,1,0,3,19.05585,47.49803,0,VI,garden,1,,central,1
9037,17.65517241,1,1,0,3,19.05585,47.49803,0,VI,garden,1,,central,1
9038,18.96296296,1,1,0,3,19.05585,47.49803,0,VI,garden,1,,central,1
9042,17.41176471,1,3,0,3,19.07538,47.48595,1,VIII,street,1,1,central,1
9055,21.91058824,1,3,0,3,19.049728,47.50794,1,V,street,1,1,combination,1
9062,21.28,1,2,0,3,19.05284,47.49513,1,V,garden,1,1,gas,1
9073,18.25185882,1,1,1,3,19.066608,47.513428,1,VI,garden,1,1,,1
9081,17.41931789,1,2,0,2,19.063898,47.505196,1,VI,panoramic,1,1,combination,1
9082,19.09425231,1,1,1,1,19.04967,47.499657,1,V,street,,1,central,1
9128,18.06451613,1,3,0,2,19.05666,47.49274,1,V,street,1,1,combination,1
9170,19.15318519,1,3,0,3,18.990942,47.517776,0,II,panoramic,1,1,,1
9223,16.59259259,1,1,0,4,19.039412,47.499996,0,I,panoramic,1,,gas,1
9226,20.68544,1,2,1,4,19.051443,47.496395,1,V,street,1,1,central,1
9237,18.30569912,1,3,1,1,19.0364,47.52938,0,III,panoramic,0,1,central,1
9248,18.56,1,1,1,0,19.00831,47.514202,1,II,panoramic,0,1,electric,1
9277,17.12676056,1,2,0,4,19.04783,47.50271,1,V,street,1,,,1
9287,20.57142857,1,3,0,1,19.05684,47.49051,0,V,garden,1,1,central,1
9290,18.28571429,1,1,0,0.5,19.05486,47.48919,1,V,garden,,1,ceiling,1
9294,18.69166265,1,3,0,1,19.0028,47.51957,1,II,garden,1,1,wall,1
9313,21.03604068,1,3,0,2,19.057196,47.497597,1,VII,street,1,1,combination,1
9318,17.45454545,1,2,0,4,19.05913,47.50091,0,VI,street,1,,central,1
9334,22.85714286,1,1,0,4,19.067736,47.50472,1,VI,street,1,1,,1
9345,21.02178862,1,4,0,4,19.054825,47.49175,1,V,street,1,1,combination,1
9346,19.99594667,1,1,0,3,19.066608,47.513428,1,VI,,1,1,,1
9354,22.05432941,1,4,0,3,19.002226,47.53402,0,II,panoramic,0,1,combination,1
9408,17.86469818,1,4,0,2,18.989595,47.51109,0,XII,panoramic,0,,central,1
9413,20.11084444,1,3,0,0,19.03331,47.49915,1,I,garden,1,,central,1
9427,19.86206897,1,1,0,2,19.0544,47.49129,1,V,street,1,1,central,1
9440,18.66666667,1,2,0,2,19.0544,47.49129,1,V,street,0,1,central,1
9444,17.77777778,1,1,0,1,19.06144,47.49076,1,V,,1,1,central,1
9445,18.91960976,1,2,2,1,19.02512,47.50976,0,II,,,,,1
9452,17.56862745,1,2,0,2,19.0544,47.49129,1,V,garden,1,1,central,1
9458,17.06666667,1,2,0,2,19.0544,47.49129,1,V,street,1,1,central,1
9466,19.3926,1,3,0,0.5,19.037403,47.528786,1,III,street,1,1,combination,1
9499,20.34285714,1,2,1,1,19.03325,47.49581,1,I,street,1,1,central,1
9503,16.68180645,1,3,0,8,19.07637,47.48641,1,VIII,,1,1,central,1
9527,17.81333333,1,1,0,0,19.03138,47.50609,1,I,street,1,0,electric,1
9558,18.21359497,1,4,0,2,19.05179,47.50629,1,V,street,1,1,combination,1
9562,17.6,1,2,0,0,19.05763,47.50491,1,VI,,,,,1
9580,22.60703825,1,4,0,1,19.03331,47.49915,1,I,garden,1,,central,1
9609,19.48628406,1,3,0,10,19.07538,47.48595,1,VIII,,1,,,1
9613,16.96,1,1,1,5,19.058243,47.529613,1,XIII,panoramic,1,1,,1
9616,19,1,1,2,0,19.073229,47.4978,1,VIII,,,,,1
9628,18.28571429,1,4,0,3,19.05914,47.50132,1,VI,garden,1,1,combination,1
9631,17.39130435,1,1,1,1,19.07845,47.53326,1,XIII,,1,,central,1
9652,18.48888889,1,1,1,3,19.05914,47.50132,1,VI,garden,1,1,combination,1
9703,19.072,1,2,0,6,19.06572,47.54748,0,XIII,panoramic,1,1,central,1
9704,19.072,1,2,0,6,19.06658,47.54851,0,XIII,panoramic,1,1,central,1
9728,22.04903226,1,4,0,2,19.05261,47.50494,1,V,street,1,1,combination,1
9731,19.53628444,1,1,0,1,19.05626,47.48812,1,V,panoramic,1,1,combination,1
9741,19.00487805,1,2,0,1,19.061216,47.501076,1,VI,street,1,1,combination,1
9759,21.57333333,1,4,0,3,19.0567,47.50241,1,VI,street,0,1,combination,1
9760,16.92445091,1,4,0,2,18.992493,47.519894,1,II,garden,1,1,combination,1
9768,17.23786667,1,3,1,4,19.006004,47.512196,1,II,panoramic,,1,combination,1
9775,19.15318519,1,1,0,3,19.05545,47.49485,1,V,garden,1,1,combination,1
9782,19.31294118,1,2,1,2,19.066608,47.513428,0,VI,,1,,combination,1
9798,17.4792,1,4,0,2,18.98565,47.50445,1,XII,panoramic,0,1,central,1
9809,18.616896,1,4,0,2,18.98924,47.522682,1,II,garden,1,1,combination,1
9814,18.46914286,1,3,0,2,19.074677,47.512787,0,VI,street,0,1,combination,1
9816,17.45454545,1,2,0,2,19.039427,47.51292,1,II,panoramic,0,,combination,1
9828,18.46914286,1,4,0,4,19.0208,47.49172,0,XII,panoramic,1,1,central,1
9847,19.09425231,1,2,0,4,19.051052,47.49981,1,V,panoramic,1,,combination,1
9857,16.86313043,1,3,0,4,19.050034,47.494568,0,V,panoramic,1,1,combination,1
9859,18.3499871,1,4,0,4,19.054758,47.503906,1,V,street,1,1,combination,1
9877,17.03506824,1,3,0,2,19.03847,47.47895,0,XI,,1,1,,1
9893,19.04761905,1,2,1,5,19.05158,47.51609,1,XIII,panoramic,1,1,central,1
9913,18.50340136,1,2,0,2,18.98547,47.51476,1,XII,panoramic,1,,central,1
9927,19,1,1,0,1,19.057621,47.50578,1,VI,garden,1,,electric,1
9931,19,1,3,0,3,19.07679,47.48577,1,VIII,garden,,,,1
9943,19.59673263,1,3,0,4,19.050583,47.50443,1,V,,1,,,1
9959,18.616896,1,3,0,3,19.0485,47.50529,1,V,street,1,1,central,1
9961,22.48417391,1,3,0,4,19.06766,47.50808,1,VI,garden,1,1,,1
9988,20.35968504,1,4,0,2,19.066608,47.513428,1,VI,street,0,1,,1
9999,17.73037714,1,3,0,5,19.074677,47.512787,1,VI,garden,1,1,central,1
10003,17.23786667,1,3,0,3,19.04727,47.50484,1,V,garden,1,,combination,1
10012,17.2378819,1,3,0,3,19.054,47.48911,1,V,,1,1,central,1
10029,19.05237895,1,2,0,7,19.05913,47.50219,1,VI,garden,1,1,,1
10030,19.42857143,1,3,1,1,19.073809,47.50828,1,VI,garden,1,1,central,1
10032,22.08,1,1,0,2,19.026463,47.51267,1,II,garden,1,,district,1
10045,20.41326316,1,3,0,3,19.03138,47.50609,1,I,panoramic,0,1,gas,1
10046,18.96165333,1,3,0,3,19.07538,47.48595,1,VIII,street,1,,central,1
10055,21.33333333,1,2,0,3,19.051949,47.49561,1,V,garden,1,1,gas,1
10063,18.46153846,1,2,0,1,19.06733,47.51175,1,VI,garden,1,1,central,1
10066,17.45454545,1,4,0,2,19.039164,47.503536,1,I,panoramic,0,,combination,1
10083,18.79348293,1,3,0,2,19.029184,47.50112,1,I,panoramic,1,1,combination,1
10093,16.91428571,1,3,0,5,19.05914,47.50132,1,VI,panoramic,1,1,combination,1
10102,18.25185882,1,2,0,3,19.05519,47.51179,1,XIII,garden,0,0,gas,1
10115,18.79348293,1,3,0,0,19.029184,47.50112,0,I,panoramic,1,1,combination,1
10124,17.24444444,1,1,0,2,19.05703,47.50508,1,VI,garden,0,0,gas,1
10137,21.14509804,1,2,0,0,19.06766,47.50808,1,VI,garden,1,1,central,1
10138,17.46506024,1,3,0,1,19.06766,47.50808,1,VI,street,1,,central,1
10140,22.51851852,1,3,0,2,19.053127,47.493084,1,V,panoramic,1,1,,1
10148,16.33061053,1,3,0,6,19.063433,47.484837,1,IX,,1,1,,1
10156,19.0848,1,2,1,7,19.073153,47.477345,1,IX,panoramic,1,1,central,1
10168,20.01816774,1,2,0,7,19.066488,47.507614,1,VI,garden,1,1,central,1
10170,17.69149474,1,3,0,5,19.05914,47.50132,0,VI,street,1,1,combination,1
10182,16.548352,1,2,0,5,19.06454,47.48512,0,IX,,1,1,combination,1
10184,16.75071304,1,3,0,4,19.049728,47.50794,1,V,,1,1,combination,1
10193,19.05237895,1,3,0,0,19.029568,47.516293,0,II,garden,,,central,1
10201,21.77414737,1,1,0,2,19.0507,47.50115,1,V,garden,1,,combination,1
10207,17.80306885,1,3,0,0.5,19.070967,47.513374,1,VI,,,,central,1
10234,18.91960976,1,3,0,1,19.0507,47.50115,1,V,street,1,1,central,1
10241,17.23786667,1,1,0,1,19.06733,47.51175,1,VI,garden,0,,gas,1
10242,18.656128,1,1,0,1,19.06733,47.51175,1,VI,garden,0,,gas,1
10256,19.84966465,1,3,0,2,19.05486,47.48919,0,V,street,1,,combination,1
10258,18.96165333,1,3,0,6,19.06966,47.47468,1,IX,panoramic,1,1,,1
10267,17.13211288,1,5,0,4,19.05684,47.49051,1,V,street,1,1,combination,1
10268,16.86313043,1,4,0,3,19.050583,47.50443,1,V,street,1,1,combination,1
10284,19.28303729,1,2,0,2,19.06234,47.49861,1,VII,street,1,1,combination,1
10287,17.65830244,1,1,1,1,19.05272,47.50156,1,V,garden,,0,electric,1
10308,21.77414737,1,4,0,4,19.03084,47.50285,0,I,panoramic,1,,central,1
10326,19.24226977,1,3,0,7,19.06658,47.54851,1,XIII,panoramic,1,1,central,1
10328,17.94145306,1,2,0,7,19.0642,47.50293,0,VI,panoramic,1,1,central,1
10334,22.75555556,1,1,1,4,19.06628,47.499615,1,VII,street,1,1,central,1
10336,18.40653559,1,3,0,4,19.05612,47.491257,0,V,,1,,combination,1
10339,17.65830244,1,2,0,2,19.04512,47.49194,1,I,panoramic,1,,central,1
10382,22.3015,1,1,0,3,19.05272,47.50156,1,V,garden,1,1,electric,1
10386,20.68544,1,4,1,4,19.032763,47.51915,0,II,panoramic,1,1,combination,1
10399,19.66666667,1,3,0,9,19.056107,47.52027,0,XIII,panoramic,1,1,,1
10421,16.23808,1,3,0,7,19.07538,47.48595,1,VIII,,1,1,,1
10428,21.65463415,1,3,0,3,19.050583,47.50443,1,V,,,,central,1
10446,16.66666667,1,1,0,6,19.08252,47.502,1,VII,garden,1,,central,1
10467,17.71561143,1,2,1,9,19.07538,47.48595,1,VIII,panoramic,1,1,central,1
10474,21.6,1,3,0,5,19.054,47.48911,1,V,panoramic,1,1,combination,1
10498,17.86472727,1,3,0,2,19.07538,47.48595,1,VIII,street,1,,central,1
10502,21.54733333,1,2,1,1,19.05261,47.50494,1,V,street,0,,combination,1
10528,19.59673263,1,3,0,2,18.988909,47.51878,0,II,garden,0,,combination,1
10535,20.68544,1,3,0,1,19.05784,47.49391,1,V,street,1,,,1
10537,20.68544,1,3,0,1,19.05784,47.49391,1,V,,1,,central,1
10551,20.52632615,1,2,2,0,19.072227,47.488068,1,VIII,garden,,,central,1
10563,22.78904407,1,3,0,3,19.03952,47.50223,1,I,panoramic,1,1,central,1
10567,21.54733333,1,4,0,5,19.03952,47.50223,0,I,panoramic,1,1,,1
10570,17.23786667,1,3,0,5,19.03916,47.50201,0,I,panoramic,1,1,,1
10586,19.84,1,3,0,3,19.05513,47.50491,1,VI,,1,1,combination,1
10593,19.24571429,1,2,0,4,19.0507,47.50115,1,V,panoramic,1,1,combination,1
10607,16.86313043,1,3,0,2,19.0507,47.50115,1,V,garden,1,,combination,1
10628,20.9382716,1,2,0,3,19.055063,47.49379,1,V,street,1,1,central,1
10643,19.20790857,1,3,1,5,19.03916,47.50201,0,I,panoramic,1,1,,1
10693,17.41931789,1,3,0,3,19.029795,47.49253,1,I,street,1,1,combination,1
10699,21.51948387,1,1,0,2,19.0642,47.50293,1,VI,garden,1,1,central,1
10708,17.23786667,1,1,0,6,19.054825,47.49175,1,V,panoramic,1,1,combination,1
10709,19.55557647,1,4,0,2,19.033304,47.509167,1,II,panoramic,0,1,combination,1
10710,16.94068966,1,2,0,2,19.047812,47.50095,1,V,garden,1,1,,1
10718,19.072,1,3,0,2,19.06766,47.50808,1,VI,garden,1,1,central,1
10730,20.46996667,1,4,0,3,19.054825,47.49175,1,V,street,1,1,combination,1
10733,21.19409836,1,3,0,3,19.045347,47.482227,1,XI,panoramic,1,1,central,1
10762,16.88607347,1,2,0,2,19.047825,47.502678,1,V,,,,,1
10765,18.80494545,1,3,0,5,19.05164,47.51166,1,V,street,1,,combination,1
10788,21.97828,1,3,0,0,19.007105,47.525253,0,II,garden,,1,central,1
10806,19.20790857,1,3,0,4,19.027342,47.507023,1,I,street,1,0,combination,1
10820,17.23786667,1,1,1,1,19.0717,47.47688,1,IX,garden,1,,central,1
10829,18.05871746,1,1,2,8,19.07538,47.48595,1,VIII,street,1,1,central,1
10839,17.83606557,1,2,1,0,19.05164,47.51166,1,V,garden,1,,combination,1
10848,16.62228571,1,1,0,5,19.060392,47.49012,1,V,street,1,1,combination,1
10860,17.23786667,1,3,0,0,19.00353,47.52281,1,II,garden,1,1,combination,1
10872,20.271744,1,2,0,7,19.071375,47.477913,1,IX,garden,1,1,combination,1
10877,17.83227586,1,2,0,0.5,19.05272,47.5177,1,XIII,panoramic,1,1,district,1
10886,18.475,1,3,0,1,19.06766,47.50808,0,VI,garden,1,1,central,1
10905,21.5258,1,2,0,2,19.05184,47.49453,0,V,panoramic,0,,combination,1
10928,18.961664,1,3,0,1,19.046429,47.50285,1,V,street,1,0,combination,1
10930,19.3926,1,5,0,2,19.01371,47.51455,0,II,panoramic,1,1,combination,1
10937,16.84,1,3,0,2,19.05273,47.49606,1,V,garden,1,,central,1
10944,17.41931789,1,3,0,1,18.969608,47.52283,1,II,garden,1,1,combination,1
10947,19.12195122,1,1,0,3,19.031979,47.493153,1,I,panoramic,0,1,combination,1
10985,22.30782745,1,3,0,1,19.05778,47.48828,1,V,,0,1,combination,1
10989,18.46914286,1,3,0,2,19.019201,47.517406,1,II,panoramic,0,1,combination,1
10992,18.96165333,1,2,0,6,19.06766,47.50808,1,VI,,1,1,,1
11001,20.48063366,1,3,0,3,19.050549,47.499947,0,V,,1,,combination,1
11004,16.80692,1,4,0,2,19.028393,47.52432,0,II,garden,1,1,combination,1
11027,17.23786667,1,3,0,1,19.012022,47.534767,1,II,panoramic,0,1,combination,1
11031,17.37846154,1,2,1,3,19.06628,47.499615,1,VII,garden,1,1,central,1
11041,21.04623256,1,3,0,9,19.06966,47.47468,0,IX,panoramic,1,1,,1
11046,20.53769143,1,3,0,1,19.05907,47.5042,1,VI,garden,1,1,combination,1
11049,20.11084444,1,4,0,0,19.03331,47.49915,1,I,garden,1,1,central,1
11052,22.27662769,1,2,0,4,19.05345,47.50534,1,V,panoramic,1,,combination,1
11054,18.09976,1,2,0,3,19.05987,47.4894,1,V,street,1,1,combination,1
11056,20.01816774,1,2,0,1,19.03084,47.50285,1,I,garden,1,1,central,1
11060,16.86316522,1,2,0,3,19.06856,47.5127,1,VI,,1,1,,1
11061,22.09982906,1,3,0,7,19.05907,47.5042,1,VI,panoramic,1,1,,1
11069,18.56385641,1,3,0,3,19.04879,47.49776,1,V,garden,1,,combination,1
11087,19.30641067,1,4,0,4,19.05913,47.50219,1,VI,street,1,1,combination,1
11089,17.83227586,1,3,0,5,19.04875,47.51185,1,V,street,1,1,combination,1
11092,20.01816774,1,1,0,5,19.06774,47.51302,1,VI,garden,1,1,,1
11100,19.20795429,1,1,1,6,19.06774,47.51302,1,VI,,1,1,,1
11105,22.72463768,1,2,0,4,19.04879,47.49776,1,V,street,1,1,central,1
11116,16.81743089,1,3,0,4,19.05987,47.4894,1,V,panoramic,1,,combination,1
11120,21.67046095,1,3,0,4,19.054825,47.49175,0,V,panoramic,1,1,combination,1
11127,19.01235294,1,3,1,7,19.05948,47.53472,1,XIII,panoramic,1,1,central,1
11134,18.03636364,1,1,1,1,19.076845,47.511986,1,VI,street,1,1,,1
11137,17.582624,1,3,0,0,19.00657,47.52378,1,II,panoramic,0,1,central,1
11139,18.30569912,1,3,0,5,19.05545,47.49485,1,V,street,1,,,1
11143,20.68544,1,4,1,3,18.958801,47.533295,1,II,panoramic,1,1,,1
11167,16.40378495,1,5,0,4,18.96545,47.522614,1,II,panoramic,1,1,,1
11171,20.34633443,1,2,0,2,19.06766,47.50808,1,VI,garden,1,1,central,1
11173,22.46808511,1,3,0,2,19.04879,47.49776,1,V,,1,1,combination,1
11179,18.2031872,1,3,0,1,19.049063,47.49542,0,V,panoramic,1,1,central,1
11190,16.89312,1,1,0,6,19.0717,47.47688,1,IX,garden,1,1,central,1
11198,18.53072,1,4,0,2,18.99093,47.509247,1,XII,garden,0,0,combination,1
11199,17.23786667,1,1,1,5,19.07052,47.47809,1,IX,street,1,1,central,1
11202,18.47545983,1,4,0,2,18.995811,47.50792,1,XII,garden,0,,,1