ID,poi shape,poi_type,coordinate,longitude,latitude
214,Polygon,information," 18.9009101, 47.4322043 ",18.9009101,47.4322043
286,Polygon,information," 19.0848416, 47.4890822 ",19.0848416,47.4890822
326,Polygon,information," 19.0776196, 47.5182273 ",19.0776196,47.5182273
640,Point,information," 18.9009523, 47.4320976 ",18.9009523,47.4320976
677,Point,information," 18.944555, 47.5571449 ",18.944555,47.5571449
678,Point,information," 18.9415634, 47.5581036 ",18.9415634,47.5581036
686,Point,information," 19.0538889, 47.4965554 ",19.0538889,47.4965554
717,Point,information," 18.8837995, 47.5786723 ",18.8837995,47.5786723
718,Point,information," 18.8898151, 47.5840278 ",18.8898151,47.5840278
745,Point,information," 19.0849116, 47.4890673 ",19.0849116,47.4890673
756,Point,information," 18.8884042, 47.5883619 ",18.8884042,47.5883619
758,Point,information," 18.9392584, 47.5587325 ",18.9392584,47.5587325
780,Point,information," 18.9659581, 47.4788202 ",18.9659581,47.4788202
781,Point,information," 18.9583733, 47.4799715 ",18.9583733,47.4799715
782,Point,information," 18.9545908, 47.4860118 ",18.9545908,47.4860118
783,Point,information," 18.9509404, 47.482972 ",18.9509404,47.482972
784,Point,information," 18.9482365, 47.4768484 ",18.9482365,47.4768484
785,Point,information," 18.9460227, 47.4772949 ",18.9460227,47.4772949
786,Point,information," 18.9434283, 47.4809031 ",18.9434283,47.4809031
787,Point,information," 18.9639535, 47.4793956 ",18.9639535,47.4793956
804,Point,information," 19.0777059, 47.5182365 ",19.0777059,47.5182365
819,Point,information," 18.8881763, 47.588833 ",18.8881763,47.588833
820,Point,information," 18.9004002, 47.5901463 ",18.9004002,47.5901463
823,Point,information," 18.9645671, 47.5303999 ",18.9645671,47.5303999
826,Point,information," 18.9625743, 47.5360511 ",18.9625743,47.5360511
830,Point,information," 18.959929, 47.5155663 ",18.959929,47.5155663
831,Point,information," 18.9618399, 47.5142599 ",18.9618399,47.5142599
832,Point,information," 18.9457011, 47.5065578 ",18.9457011,47.5065578
833,Point,information," 18.9604599, 47.50649 ",18.9604599,47.50649
835,Point,information," 18.9757153, 47.5171443 ",18.9757153,47.5171443
836,Point,information," 18.9683674, 47.5134824 ",18.9683674,47.5134824
837,Point,information," 18.9300999, 47.5264999 ",18.9300999,47.5264999
862,Point,information," 18.9281692, 47.5599505 ",18.9281692,47.5599505
876,Point,information," 19.034247, 47.5010571 ",19.034247,47.5010571
977,Point,information," 19.0775781, 47.5181508 ",19.0775781,47.5181508
979,Point,information," 18.9453785, 47.497385 ",18.9453785,47.497385
990,Point,information," 18.9240936, 47.5696597 ",18.9240936,47.5696597
1001,Point,information," 18.8736418, 47.5917856 ",18.8736418,47.5917856
1002,Point,information," 18.9083862, 47.5797233 ",18.9083862,47.5797233
1003,Point,information," 18.8604076, 47.5900388 ",18.8604076,47.5900388
1007,Point,information," 18.8709616, 47.596223 ",18.8709616,47.596223
1009,Point,information," 18.9542783, 47.465835 ",18.9542783,47.465835
1021,Point,information," 18.8684193, 47.5297956 ",18.8684193,47.5297956
1043,Point,information," 18.9442698, 47.5071779 ",18.9442698,47.5071779
1045,Point,information," 18.9480431, 47.4874029 ",18.9480431,47.4874029
1077,Point,information," 18.9367762, 47.5593893 ",18.9367762,47.5593893
1086,Point,information," 18.9085466, 47.5839986 ",18.9085466,47.5839986
1131,Point,information," 18.8649807, 47.5734344 ",18.8649807,47.5734344
1132,Point,information," 18.8797749, 47.5759908 ",18.8797749,47.5759908
1133,Point,information," 18.8739999, 47.5769008 ",18.8739999,47.5769008
1134,Point,information," 18.881119, 47.5865209 ",18.881119,47.5865209
1141,Point,information," 18.8668333, 47.5598333 ",18.8668333,47.5598333
1142,Point,information," 18.8678206, 47.5561434 ",18.8678206,47.5561434
1159,Point,information," 19.0557171, 47.5074875 ",19.0557171,47.5074875
1174,Point,information," 18.9453584, 47.5610301 ",18.9453584,47.5610301
1176,Point,information," 18.9656365, 47.5355684 ",18.9656365,47.5355684
1177,Point,information," 18.9651632, 47.5353432 ",18.9651632,47.5353432
1178,Point,information," 18.9639062, 47.5355946 ",18.9639062,47.5355946
1179,Point,information," 18.9615241, 47.5363463 ",18.9615241,47.5363463
1180,Point,information," 18.9603912, 47.536768 ",18.9603912,47.536768
1181,Point,information," 18.9650304, 47.5361128 ",18.9650304,47.5361128
1183,Point,information," 18.9239605, 47.4620667 ",18.9239605,47.4620667
1186,Point,information," 18.9084211, 47.5841109 ",18.9084211,47.5841109
1187,Point,information," 18.889466, 47.5841841 ",18.889466,47.5841841
1188,Point,information," 18.9482037, 47.4887936 ",18.9482037,47.4887936
1197,Point,information," 18.8618208, 47.5648924 ",18.8618208,47.5648924
1198,Point,information," 18.8675473, 47.5522648 ",18.8675473,47.5522648
1199,Point,information," 18.8651531, 47.5516597 ",18.8651531,47.5516597
1200,Point,information," 18.8697732, 47.5453414 ",18.8697732,47.5453414
1201,Point,information," 18.8692962, 47.5419178 ",18.8692962,47.5419178
1202,Point,information," 18.8698367, 47.5450876 ",18.8698367,47.5450876
1203,Point,information," 18.8673714, 47.5513552 ",18.8673714,47.5513552
1210,Point,information," 19.0688196, 47.4068042 ",19.0688196,47.4068042
1211,Point,information," 18.9449273, 47.4980815 ",18.9449273,47.4980815
1217,Point,information," 19.0613706, 47.5396798 ",19.0613706,47.5396798
1227,Point,information," 18.8844846, 47.5760411 ",18.8844846,47.5760411
1228,Point,information," 18.892458, 47.5873226 ",18.892458,47.5873226
1234,Point,information," 18.8610256, 47.5964594 ",18.8610256,47.5964594
1237,Point,information," 18.8783305, 47.6052179 ",18.8783305,47.6052179
1260,Point,information," 18.8824417, 47.5884464 ",18.8824417,47.5884464
1296,Point,information," 19.0247571, 47.5040712 ",19.0247571,47.5040712
1305,Point,information," 19.0536744, 47.5368868 ",19.0536744,47.5368868
1311,Point,information," 19.0178722, 47.4644937 ",19.0178722,47.4644937
1318,Point,information," 18.982598, 47.6091573 ",18.982598,47.6091573
1320,Point,information," 19.021368, 47.5878616 ",19.021368,47.5878616
1321,Point,information," 19.0561754, 47.4931991 ",19.0561754,47.4931991
1322,Point,information," 19.0570751, 47.4934598 ",19.0570751,47.4934598
1323,Point,information," 19.0573189, 47.4935237 ",19.0573189,47.4935237
1328,Point,information," 18.9884348, 47.4377617 ",18.9884348,47.4377617
1330,Point,information," 19.2886367, 47.4467594 ",19.2886367,47.4467594
1331,Point,information," 19.2844086, 47.4434412 ",19.2844086,47.4434412
1333,Point,information," 19.2823411, 47.444901 ",19.2823411,47.444901
1334,Point,information," 19.2818439, 47.4450885 ",19.2818439,47.4450885
1335,Point,information," 19.280253, 47.4464593 ",19.280253,47.4464593
1336,Point,information," 19.2763851, 47.4498737 ",19.2763851,47.4498737
1337,Point,information," 19.2769538, 47.4504231 ",19.2769538,47.4504231
1338,Point,information," 19.2756881, 47.4517906 ",19.2756881,47.4517906
1340,Point,information," 19.2959602, 47.4569057 ",19.2959602,47.4569057
1341,Point,information," 19.2707936, 47.4627209 ",19.2707936,47.4627209
1342,Point,information," 19.2753895, 47.4606156 ",19.2753895,47.4606156
1343,Point,information," 19.2781039, 47.4593609 ",19.2781039,47.4593609
1344,Point,information," 19.2842818, 47.4564103 ",19.2842818,47.4564103
1347,Point,information," 19.3292468, 47.5987767 ",19.3292468,47.5987767
1349,Point,information," 19.058742, 47.4993348 ",19.058742,47.4993348
1350,Point,information," 19.0582535, 47.4991002 ",19.0582535,47.4991002
1351,Point,information," 19.0598656, 47.4999024 ",19.0598656,47.4999024
1352,Point,information," 19.0567041, 47.4982008 ",19.0567041,47.4982008
1353,Point,information," 19.0605028, 47.5003234 ",19.0605028,47.5003234
1354,Point,information," 19.0623252, 47.5016813 ",19.0623252,47.5016813
1355,Point,information," 19.0623053, 47.5016678 ",19.0623053,47.5016678
1356,Point,information," 19.0643892, 47.5026587 ",19.0643892,47.5026587
1357,Point,information," 19.0637365, 47.5025569 ",19.0637365,47.5025569
1358,Point,information," 18.9838108, 47.4390811 ",18.9838108,47.4390811
1359,Point,information," 18.9794226, 47.4335745 ",18.9794226,47.4335745
1360,Point,information," 18.9781675, 47.4336267 ",18.9781675,47.4336267
1361,Point,information," 18.980061, 47.4388705 ",18.980061,47.4388705
1362,Point,information," 18.9842001, 47.4370985 ",18.9842001,47.4370985
1363,Point,information," 18.9869224, 47.4362364 ",18.9869224,47.4362364
1364,Point,information," 18.9826267, 47.4321077 ",18.9826267,47.4321077
1365,Point,information," 18.9822502, 47.4368198 ",18.9822502,47.4368198
1366,Point,information," 18.9845005, 47.4343628 ",18.9845005,47.4343628
1367,Point,information," 18.9833845, 47.4330126 ",18.9833845,47.4330126
1368,Point,information," 18.982038, 47.4302358 ",18.982038,47.4302358
1369,Point,information," 18.9864453, 47.432794 ",18.9864453,47.432794
1370,Point,information," 19.0664781, 47.5036996 ",19.0664781,47.5036996
1371,Point,information," 19.0668601, 47.5041313 ",19.0668601,47.5041313
1372,Point,information," 19.0669853, 47.5042022 ",19.0669853,47.5042022
1373,Point,information," 19.0671302, 47.5040881 ",19.0671302,47.5040881
1374,Point,information," 19.0679967, 47.504797 ",19.0679967,47.504797
1375,Point,information," 19.068251, 47.5049366 ",19.068251,47.5049366
1376,Point,information," 19.0714425, 47.5068777 ",19.0714425,47.5068777
1377,Point,information," 19.072598, 47.5077803 ",19.072598,47.5077803
1378,Point,information," 19.0726552, 47.5078052 ",19.0726552,47.5078052
1379,Point,information," 19.0733083, 47.5074588 ",19.0733083,47.5074588
1380,Point,information," 19.0587083, 47.497662 ",19.0587083,47.497662
1382,Point,information," 19.0604035, 47.498464 ",19.0604035,47.498464
1383,Point,information," 19.0604928, 47.4984058 ",19.0604928,47.4984058
1384,Point,information," 19.0600699, 47.4986844 ",19.0600699,47.4986844
1385,Point,information," 19.060371, 47.4998204 ",19.060371,47.4998204
1386,Point,information," 19.0606628, 47.4995414 ",19.0606628,47.4995414
1387,Point,information," 19.0624821, 47.5020497 ",19.0624821,47.5020497
1393,Point,information," 19.0625044, 47.5016963 ",19.0625044,47.5016963
1394,Point,information," 19.0640974, 47.5015138 ",19.0640974,47.5015138
1395,Point,information," 19.0634713, 47.5009092 ",19.0634713,47.5009092
1396,Point,information," 19.0660237, 47.50137 ",19.0660237,47.50137
1397,Point,information," 19.0628929, 47.5026503 ",19.0628929,47.5026503
1398,Point,information," 19.0714857, 47.5038722 ",19.0714857,47.5038722
1399,Point,information," 19.0659827, 47.5028158 ",19.0659827,47.5028158
1405,Point,information," 19.0443241, 47.573262 ",19.0443241,47.573262
1406,Point,information," 19.0843539, 47.6189526 ",19.0843539,47.6189526
1407,Point,information," 19.0824366, 47.6174621 ",19.0824366,47.6174621
1410,Point,information," 19.0611364, 47.4917806 ",19.0611364,47.4917806
1411,Point,information," 19.0613142, 47.4913226 ",19.0613142,47.4913226
1412,Point,information," 19.0597253, 47.4933154 ",19.0597253,47.4933154
1413,Point,information," 19.0601838, 47.492786 ",19.0601838,47.492786
1429,Point,information," 19.2884649, 47.4211134 ",19.2884649,47.4211134
1437,Point,information," 19.3226279, 47.5966798 ",19.3226279,47.5966798
1441,Point,information," 18.9274476, 47.5612929 ",18.9274476,47.5612929
1443,Point,information," 18.9635218, 47.497495 ",18.9635218,47.497495
1444,Point,information," 18.9638605, 47.4975206 ",18.9638605,47.4975206
1445,Point,information," 18.964436, 47.5100958 ",18.964436,47.5100958
1447,Point,information," 18.9670565, 47.5033037 ",18.9670565,47.5033037
1449,Point,information," 18.9680232, 47.5117553 ",18.9680232,47.5117553
1452,Point,information," 18.957905, 47.5114825 ",18.957905,47.5114825
1453,Point,information," 18.9583549, 47.5122805 ",18.9583549,47.5122805
1454,Point,information," 18.9602993, 47.516405 ",18.9602993,47.516405
1455,Point,information," 18.9583091, 47.5188843 ",18.9583091,47.5188843
1456,Point,information," 18.9538795, 47.5215083 ",18.9538795,47.5215083
1457,Point,information," 18.9586356, 47.5128855 ",18.9586356,47.5128855
1458,Point,information," 18.9584447, 47.5125789 ",18.9584447,47.5125789
1459,Point,information," 18.9591718, 47.513275 ",18.9591718,47.513275
1461,Point,information," 18.9638175, 47.5037041 ",18.9638175,47.5037041
1463,Point,information," 18.9605228, 47.5066571 ",18.9605228,47.5066571
1466,Point,information," 18.9399301, 47.5427334 ",18.9399301,47.5427334
1467,Point,information," 18.9423214, 47.54217 ",18.9423214,47.54217
1468,Point,information," 18.9400701, 47.5439772 ",18.9400701,47.5439772
1476,Point,information," 19.0924935, 47.4817964 ",19.0924935,47.4817964
1477,Point,information," 18.8794903, 47.5757642 ",18.8794903,47.5757642
1481,Point,information," 18.9123358, 47.4256233 ",18.9123358,47.4256233
1489,Point,information," 18.925432, 47.4359306 ",18.925432,47.4359306
1490,Point,information," 18.9247953, 47.4366908 ",18.9247953,47.4366908
1492,Point,information," 18.9116457, 47.4254278 ",18.9116457,47.4254278
1499,Point,information," 18.8689243, 47.529837 ",18.8689243,47.529837
1513,Point,information," 18.948891, 47.4088334 ",18.948891,47.4088334
1514,Point,information," 18.9368685, 47.4111565 ",18.9368685,47.4111565
1515,Point,information," 18.932396, 47.4139043 ",18.932396,47.4139043
1516,Point,information," 18.9341855, 47.4122249 ",18.9341855,47.4122249
1523,Point,information," 18.974371, 47.6389385 ",18.974371,47.6389385
1524,Point,information," 18.9748348, 47.6370896 ",18.9748348,47.6370896
1525,Point,information," 18.9770479, 47.6267812 ",18.9770479,47.6267812
1530,Point,information," 19.0074224, 47.6108328 ",19.0074224,47.6108328
1531,Point,information," 19.0074503, 47.6108173 ",19.0074503,47.6108173
1532,Point,information," 19.0104847, 47.6096423 ",19.0104847,47.6096423
1533,Point,information," 18.9982466, 47.6144766 ",18.9982466,47.6144766
1537,Point,information," 19.0601629, 47.4928906 ",19.0601629,47.4928906
1538,Point,information," 19.1517326, 47.5429152 ",19.1517326,47.5429152
1539,Point,information," 19.1510177, 47.5432452 ",19.1510177,47.5432452
1540,Point,information," 19.1502613, 47.5437239 ",19.1502613,47.5437239
1541,Point,information," 19.149226, 47.544255 ",19.149226,47.544255
1542,Point,information," 19.148778, 47.544946 ",19.148778,47.544946
1543,Point,information," 19.1491608, 47.5452369 ",19.1491608,47.5452369
1544,Point,information," 19.1496335, 47.5449444 ",19.1496335,47.5449444
1545,Point,information," 19.1494651, 47.545117 ",19.1494651,47.545117
1546,Point,information," 19.1489918, 47.545301 ",19.1489918,47.545301
1547,Point,information," 19.1490568, 47.5443719 ",19.1490568,47.5443719
1548,Point,information," 19.1503914, 47.5436508 ",19.1503914,47.5436508
1549,Point,information," 19.1471424, 47.5450894 ",19.1471424,47.5450894
1558,Point,information," 19.2454431, 47.5077333 ",19.2454431,47.5077333
1562,Point,information," 19.0063979, 47.5401561 ",19.0063979,47.5401561
1574,Point,information," 18.9906714, 47.5383099 ",18.9906714,47.5383099
1575,Point,information," 18.9908555, 47.5379458 ",18.9908555,47.5379458
1576,Point,information," 18.9910923, 47.5376373 ",18.9910923,47.5376373
1581,Point,information," 18.92886, 47.55845 ",18.92886,47.55845
1582,Point,information," 18.9289, 47.560283 ",18.9289,47.560283
1583,Point,information," 18.931967, 47.55895 ",18.931967,47.55895
1584,Point,information," 18.9348, 47.559867 ",18.9348,47.559867
1585,Point,information," 18.9368346, 47.5593457 ",18.9368346,47.5593457
1587,Point,information," 19.255169, 47.480736 ",19.255169,47.480736
1589,Point,information," 18.9323261, 47.4686651 ",18.9323261,47.4686651
1590,Point,information," 18.9289681, 47.4710239 ",18.9289681,47.4710239
1595,Point,information," 18.958916, 47.538293 ",18.958916,47.538293
1596,Point,information," 18.959447, 47.537204 ",18.959447,47.537204
1597,Point,information," 18.958563, 47.537788 ",18.958563,47.537788
1598,Point,information," 18.957955, 47.538269 ",18.957955,47.538269
1599,Point,information," 18.95853, 47.538392 ",18.95853,47.538392
1600,Point,information," 18.960128, 47.537985 ",18.960128,47.537985
1601,Point,information," 18.961155, 47.537657 ",18.961155,47.537657
1602,Point,information," 18.962245, 47.537239 ",18.962245,47.537239
1603,Point,information," 18.963383, 47.537224 ",18.963383,47.537224
1604,Point,information," 18.964341, 47.537458 ",18.964341,47.537458
1605,Point,information," 18.96525, 47.537058 ",18.96525,47.537058
1606,Point,information," 18.965742, 47.536685 ",18.965742,47.536685
1607,Point,information," 18.8734858, 47.4014394 ",18.8734858,47.4014394
1608,Point,information," 18.8739308, 47.4011956 ",18.8739308,47.4011956
1609,Point,information," 18.8740261, 47.4013276 ",18.8740261,47.4013276
1611,Point,information," 18.8767814, 47.3948417 ",18.8767814,47.3948417
1613,Point,information," 18.876668, 47.3949537 ",18.876668,47.3949537
1614,Point,information," 18.8768677, 47.3950587 ",18.8768677,47.3950587
1615,Point,information," 18.8769938, 47.3951576 ",18.8769938,47.3951576
1616,Point,information," 18.9391935, 47.4743532 ",18.9391935,47.4743532
1622,Point,information," 19.2529496, 47.5086852 ",19.2529496,47.5086852
1624,Point,information," 18.964511, 47.633855 ",18.964511,47.633855
1625,Point,information," 18.965427, 47.633592 ",18.965427,47.633592
1626,Point,information," 18.960477, 47.63708 ",18.960477,47.63708
1627,Point,information," 18.972762, 47.63431 ",18.972762,47.63431
1628,Point,information," 18.958176, 47.638625 ",18.958176,47.638625
1629,Point,information," 18.955318, 47.640276 ",18.955318,47.640276
1630,Point,information," 18.977707, 47.640415 ",18.977707,47.640415
1631,Point,information," 18.962858, 47.634796 ",18.962858,47.634796
1651,Point,information," 18.86755, 47.553217 ",18.86755,47.553217
1654,Point,information," 18.9635, 47.469383 ",18.9635,47.469383
1655,Point,information," 18.963333, 47.4696 ",18.963333,47.4696
1656,Point,information," 18.966067, 47.4699 ",18.966067,47.4699
1657,Point,information," 18.963733, 47.469917 ",18.963733,47.469917
1658,Point,information," 18.964867, 47.469933 ",18.964867,47.469933
1659,Point,information," 18.965133, 47.469933 ",18.965133,47.469933
1660,Point,information," 18.964533, 47.469967 ",18.964533,47.469967
1661,Point,information," 18.964133, 47.47 ",18.964133,47.47
1662,Point,information," 18.963267, 47.470117 ",18.963267,47.470117
1663,Point,information," 18.964817, 47.470233 ",18.964817,47.470233
1664,Point,information," 18.964283, 47.470333 ",18.964283,47.470333
1678,Point,information," 18.8845, 47.612067 ",18.8845,47.612067
1696,Point,information," 18.8821, 47.608867 ",18.8821,47.608867
1697,Point,information," 18.872633, 47.607767 ",18.872633,47.607767
1698,Point,information," 18.866483, 47.61115 ",18.866483,47.61115
1699,Point,information," 18.87835, 47.61225 ",18.87835,47.61225
1708,Point,information," 18.990869, 47.570367 ",18.990869,47.570367
1709,Point,information," 18.984414, 47.57498 ",18.984414,47.57498
1717,Point,information," 19.001023, 47.580879 ",19.001023,47.580879
1721,Point,information," 19.042538, 47.574797 ",19.042538,47.574797
1722,Point,information," 19.038596, 47.577537 ",19.038596,47.577537
1723,Point,information," 19.036308, 47.579744 ",19.036308,47.579744
1724,Point,information," 19.042195, 47.576499 ",19.042195,47.576499
1725,Point,information," 19.045038, 47.566996 ",19.045038,47.566996
1726,Point,information," 18.9792755, 47.6220956 ",18.9792755,47.6220956
1736,Point,information," 19.0454021, 47.5416447 ",19.0454021,47.5416447
1737,Point,information," 19.211196, 47.620223 ",19.211196,47.620223
1738,Point,information," 19.211, 47.626 ",19.211,47.626
1739,Point,information," 19.20795, 47.623833 ",19.20795,47.623833
1740,Point,information," 19.215067, 47.621817 ",19.215067,47.621817
1741,Point,information," 19.217467, 47.6221 ",19.217467,47.6221
1742,Point,information," 19.220267, 47.620583 ",19.220267,47.620583
1743,Point,information," 19.219217, 47.622383 ",19.219217,47.622383
1744,Point,information," 19.21645, 47.622733 ",19.21645,47.622733
1745,Point,information," 19.21155, 47.6272 ",19.21155,47.6272
1746,Point,information," 19.21135, 47.6267 ",19.21135,47.6267
1747,Point,information," 19.267592, 47.395035 ",19.267592,47.395035
1748,Point,information," 19.265424, 47.393869 ",19.265424,47.393869
1749,Point,information," 19.265574, 47.392439 ",19.265574,47.392439
1750,Point,information," 19.265789, 47.390971 ",19.265789,47.390971
1783,Point,information," 19.0468843, 47.4873157 ",19.0468843,47.4873157
1787,Point,information," 19.0441902, 47.4892375 ",19.0441902,47.4892375
1788,Point,information," 19.0367485, 47.4896992 ",19.0367485,47.4896992
1792,Point,information," 19.0366075, 47.4897935 ",19.0366075,47.4897935
1795,Point,information," 19.0514075, 47.4845918 ",19.0514075,47.4845918
1799,Point,information," 19.0451117, 47.490309 ",19.0451117,47.490309
1817,Point,information," 18.875669, 47.396262 ",18.875669,47.396262
1818,Point,information," 18.873245, 47.402051 ",18.873245,47.402051
1819,Point,information," 18.873203, 47.400133 ",18.873203,47.400133
1820,Point,information," 18.873287, 47.39975 ",18.873287,47.39975
1821,Point,information," 18.87491, 47.397723 ",18.87491,47.397723
1822,Point,information," 18.87554, 47.396541 ",18.87554,47.396541
1825,Point,information," 19.0120003, 47.5267955 ",19.0120003,47.5267955
1826,Point,information," 19.0118183, 47.5265985 ",19.0118183,47.5265985
1827,Point,information," 19.0112902, 47.5266646 ",19.0112902,47.5266646
1828,Point,information," 19.00947, 47.5268626 ",19.00947,47.5268626
1829,Point,information," 19.0090699, 47.5268677 ",19.0090699,47.5268677
1830,Point,information," 19.0132203, 47.5268962 ",19.0132203,47.5268962
1831,Point,information," 19.0176209, 47.5269928 ",19.0176209,47.5269928
1834,Point,information," 19.0090969, 47.5268523 ",19.0090969,47.5268523
1835,Point,information," 19.0126928, 47.5269957 ",19.0126928,47.5269957
1841,Point,information," 18.9848655, 47.4349615 ",18.9848655,47.4349615
1842,Point,information," 18.9876364, 47.4373664 ",18.9876364,47.4373664
1846,Point,information," 18.9982598, 47.4269053 ",18.9982598,47.4269053
1847,Point,information," 18.9985816, 47.4270336 ",18.9985816,47.4270336
1848,Point,information," 18.9901039, 47.4223517 ",18.9901039,47.4223517
1849,Point,information," 18.9823158, 47.4224669 ",18.9823158,47.4224669
1850,Point,information," 18.9826315, 47.4227224 ",18.9826315,47.4227224
1851,Point,information," 18.9898853, 47.4234093 ",18.9898853,47.4234093
1852,Point,information," 18.9849175, 47.4235778 ",18.9849175,47.4235778
1853,Point,information," 18.9930717, 47.4245386 ",18.9930717,47.4245386
1854,Point,information," 18.9956656, 47.4254396 ",18.9956656,47.4254396
1855,Point,information," 18.9937049, 47.4255031 ",18.9937049,47.4255031
1856,Point,information," 18.9963185, 47.4255236 ",18.9963185,47.4255236
1857,Point,information," 18.993585, 47.424892 ",18.993585,47.424892
1858,Point,information," 18.9910968, 47.4229301 ",18.9910968,47.4229301
1859,Point,information," 18.9907066, 47.423074 ",18.9907066,47.423074
1860,Point,information," 18.9858112, 47.4239729 ",18.9858112,47.4239729
1861,Point,information," 18.9829962, 47.423024 ",18.9829962,47.423024
1862,Point,information," 18.9833968, 47.4208738 ",18.9833968,47.4208738
1863,Point,information," 18.9852171, 47.4217037 ",18.9852171,47.4217037
1864,Point,information," 19.0347141, 47.501642 ",19.0347141,47.501642
1874,Point,information," 18.9892981, 47.5493508 ",18.9892981,47.5493508
1883,Point,information," 19.13794, 47.6285827 ",19.13794,47.6285827
1884,Point,information," 19.1380964, 47.6293165 ",19.1380964,47.6293165
1885,Point,information," 18.944359, 47.4766071 ",18.944359,47.4766071
1888,Point,information," 18.9671758, 47.5032128 ",18.9671758,47.5032128
1890,Point,information," 18.9688169, 47.5017484 ",18.9688169,47.5017484
1893,Point,information," 18.9422621, 47.5600417 ",18.9422621,47.5600417
1894,Point,information," 18.9419088, 47.5608697 ",18.9419088,47.5608697
1895,Point,information," 18.9383917, 47.5766951 ",18.9383917,47.5766951
1896,Point,information," 18.9381846, 47.5765265 ",18.9381846,47.5765265
1897,Point,information," 18.9387123, 47.5766758 ",18.9387123,47.5766758
1898,Point,information," 18.9389546, 47.5773564 ",18.9389546,47.5773564
1899,Point,information," 18.9603693, 47.5745148 ",18.9603693,47.5745148
1903,Point,information," 19.0715361, 47.5674926 ",19.0715361,47.5674926
1904,Point,information," 19.0741495, 47.5675119 ",19.0741495,47.5675119
1905,Point,information," 19.0780128, 47.575792 ",19.0780128,47.575792
1906,Point,information," 19.0751115, 47.5759445 ",19.0751115,47.5759445
1907,Point,information," 19.0727611, 47.5760534 ",19.0727611,47.5760534
1908,Point,information," 19.0536084, 47.4966961 ",19.0536084,47.4966961
1926,Point,information," 19.0774698, 47.5157557 ",19.0774698,47.5157557
1927,Point,information," 19.0808436, 47.5187531 ",19.0808436,47.5187531
1969,Point,information," 19.2533775, 47.5191038 ",19.2533775,47.5191038
1970,Point,information," 19.2422753, 47.5341311 ",19.2422753,47.5341311
1971,Point,information," 19.072405, 47.5034325 ",19.072405,47.5034325
1972,Point,information," 19.0713686, 47.5008139 ",19.0713686,47.5008139
1973,Point,information," 19.0708948, 47.501919 ",19.0708948,47.501919
1977,Point,information," 19.0733411, 47.504231 ",19.0733411,47.504231
1990,Point,information," 19.0721431, 47.50686 ",19.0721431,47.50686
1998,Point,information," 19.0560384, 47.4817179 ",19.0560384,47.4817179
1999,Point,information," 19.0566661, 47.4801209 ",19.0566661,47.4801209
2000,Point,information," 19.054177, 47.4818665 ",19.054177,47.4818665
2001,Point,information," 19.0562022, 47.4784706 ",19.0562022,47.4784706
2002,Point,information," 19.0569859, 47.4795227 ",19.0569859,47.4795227
2003,Point,information," 19.0579759, 47.4777533 ",19.0579759,47.4777533
2004,Point,information," 19.0564353, 47.4777578 ",19.0564353,47.4777578
2005,Point,information," 19.0546459, 47.481054 ",19.0546459,47.481054
2006,Point,information," 19.0541235, 47.4831421 ",19.0541235,47.4831421
2007,Point,information," 19.0224313, 47.4639019 ",19.0224313,47.4639019
2009,Point,information," 19.0554608, 47.4795055 ",19.0554608,47.4795055
2015,Point,information," 19.2836837, 47.4424535 ",19.2836837,47.4424535
2021,Point,information," 19.0464176, 47.6218261 ",19.0464176,47.6218261
2027,Point,information," 18.9569526, 47.5413206 ",18.9569526,47.5413206
2028,Point,information," 18.9585343, 47.54201 ",18.9585343,47.54201
2029,Point,information," 18.9558126, 47.5406147 ",18.9558126,47.5406147
2030,Point,information," 18.8681802, 47.5305413 ",18.8681802,47.5305413
2031,Point,information," 18.8695431, 47.5296607 ",18.8695431,47.5296607
2040,Point,information," 19.0462423, 47.5085346 ",19.0462423,47.5085346
2042,Point,information," 19.0473687, 47.5663279 ",19.0473687,47.5663279
2043,Point,information," 19.0473469, 47.5662311 ",19.0473469,47.5662311
2044,Point,information," 19.0482333, 47.5662288 ",19.0482333,47.5662288
2045,Point,information," 19.0482109, 47.5661315 ",19.0482109,47.5661315
2054,Point,information," 18.950922, 47.483093 ",18.950922,47.483093
2055,Point,information," 18.93161, 47.47935 ",18.93161,47.47935
2056,Point,information," 18.929003, 47.471046 ",18.929003,47.471046
2059,Point,information," 19.047235, 47.5396552 ",19.047235,47.5396552
2060,Point,information," 19.0049847, 47.3752174 ",19.0049847,47.3752174
2061,Point,information," 19.0133398, 47.3947508 ",19.0133398,47.3947508
2062,Point,information," 19.0404387, 47.4134181 ",19.0404387,47.4134181
2063,Point,information," 19.0424342, 47.4303173 ",19.0424342,47.4303173
2064,Point,information," 19.0422223, 47.4301903 ",19.0422223,47.4301903
2091,Point,information," 19.045359, 47.541243 ",19.045359,47.541243
2099,Point,information," 19.0771326, 47.5180901 ",19.0771326,47.5180901
2101,Point,information," 19.3937241, 47.4292736 ",19.3937241,47.4292736
2107,Point,information," 19.0539119, 47.5352668 ",19.0539119,47.5352668
2119,Point,information," 19.0460563, 47.6209157 ",19.0460563,47.6209157
2121,Point,information," 19.0536694, 47.617001 ",19.0536694,47.617001
2129,Point,information," 19.053591, 47.4985031 ",19.053591,47.4985031
2130,Point,information," 19.0536549, 47.4982182 ",19.0536549,47.4982182
2132,Point,information," 19.0340882, 47.5010578 ",19.0340882,47.5010578
2133,Point,information," 19.0494681, 47.5658793 ",19.0494681,47.5658793
2137,Point,information," 18.9128923, 47.6038966 ",18.9128923,47.6038966
2138,Point,information," 18.895686, 47.6052653 ",18.895686,47.6052653
2143,Point,information," 19.035107, 47.5066729 ",19.035107,47.5066729
2144,Point,information," 19.047013, 47.6191054 ",19.047013,47.6191054
2149,Point,information," 19.0473929, 47.6173935 ",19.0473929,47.6173935
2150,Point,information," 19.0338851, 47.5014555 ",19.0338851,47.5014555
2151,Point,information," 19.0414745, 47.4958898 ",19.0414745,47.4958898
2152,Point,information," 19.0427993, 47.49396 ",19.0427993,47.49396
2153,Point,information," 19.0422967, 47.495329 ",19.0422967,47.495329
2155,Point,information," 19.0780764, 47.5188039 ",19.0780764,47.5188039
2156,Point,information," 19.0795085, 47.5200962 ",19.0795085,47.5200962
2157,Point,information," 19.0779406, 47.5194295 ",19.0779406,47.5194295
2158,Point,information," 19.0747611, 47.5174249 ",19.0747611,47.5174249
2167,Point,information," 18.922889, 47.4561093 ",18.922889,47.4561093
2168,Point,information," 18.9228006, 47.4561093 ",18.9228006,47.4561093
2169,Point,information," 18.9229744, 47.4561033 ",18.9229744,47.4561033
2170,Point,information," 18.9235208, 47.4571214 ",18.9235208,47.4571214
2171,Point,information," 18.9241271, 47.4574865 ",18.9241271,47.4574865
2172,Point,information," 18.9248985, 47.4580271 ",18.9248985,47.4580271
2174,Point,information," 18.9241692, 47.4578525 ",18.9241692,47.4578525
2175,Point,information," 18.924727, 47.4582759 ",18.924727,47.4582759
2176,Point,information," 18.9853542, 47.4809334 ",18.9853542,47.4809334
2178,Point,information," 18.9835114, 47.4820362 ",18.9835114,47.4820362
2179,Point,information," 18.9402553, 47.3571363 ",18.9402553,47.3571363
2180,Point,information," 18.946733, 47.35985 ",18.946733,47.35985
2181,Point,information," 18.946933, 47.361917 ",18.946933,47.361917
2182,Point,information," 18.946583, 47.362133 ",18.946583,47.362133
2183,Point,information," 19.2445629, 47.5061306 ",19.2445629,47.5061306
2184,Point,information," 19.2444992, 47.5072437 ",19.2444992,47.5072437
2185,Point,information," 19.2447165, 47.5078278 ",19.2447165,47.5078278
2186,Point,information," 19.243979, 47.5093899 ",19.243979,47.5093899
2187,Point,information," 19.2435768, 47.5086583 ",19.2435768,47.5086583
2188,Point,information," 19.2448321, 47.5107 ",19.2448321,47.5107
2189,Point,information," 19.2362983, 47.5119565 ",19.2362983,47.5119565
2190,Point,information," 19.227649, 47.5137501 ",19.227649,47.5137501
2191,Point,information," 19.233039, 47.5125559 ",19.233039,47.5125559
2192,Point,information," 19.2313452, 47.5128939 ",19.2313452,47.5128939
2193,Point,information," 19.2220459, 47.5148988 ",19.2220459,47.5148988
2194,Point,information," 19.2225347, 47.5148177 ",19.2225347,47.5148177
2195,Point,information," 19.2442935, 47.5079103 ",19.2442935,47.5079103
2196,Point,information," 19.2460745, 47.511349 ",19.2460745,47.511349
2197,Point,information," 19.2417722, 47.5110302 ",19.2417722,47.5110302
2198,Point,information," 19.2395567, 47.5115483 ",19.2395567,47.5115483
2199,Point,information," 19.2488819, 47.5119927 ",19.2488819,47.5119927
2200,Point,information," 19.2499687, 47.5109423 ",19.2499687,47.5109423
2201,Point,information," 19.2520187, 47.5095158 ",19.2520187,47.5095158
2202,Point,information," 19.250764, 47.5087996 ",19.250764,47.5087996
2203,Point,information," 19.2502603, 47.5078386 ",19.2502603,47.5078386
2204,Point,information," 19.2495711, 47.5078207 ",19.2495711,47.5078207
2216,Point,information," 19.3749201, 47.5718978 ",19.3749201,47.5718978
2222,Point,information," 19.1296921, 47.5414617 ",19.1296921,47.5414617
2237,Point,information," 19.3476488, 47.5984859 ",19.3476488,47.5984859
2238,Point,information," 19.3476143, 47.597577 ",19.3476143,47.597577
2243,Point,information," 18.9880004, 47.4818266 ",18.9880004,47.4818266
2244,Point,information," 18.9851675, 47.4818851 ",18.9851675,47.4818851
2245,Point,information," 18.9888211, 47.4820784 ",18.9888211,47.4820784
2246,Point,information," 18.9906891, 47.4820822 ",18.9906891,47.4820822
2248,Point,information," 18.981321, 47.4749969 ",18.981321,47.4749969
2249,Point,information," 18.978588, 47.4749374 ",18.978588,47.4749374
2250,Point,information," 18.9782755, 47.4747923 ",18.9782755,47.4747923
2251,Point,information," 18.9785505, 47.4746955 ",18.9785505,47.4746955
2252,Point,information," 18.9796001, 47.474657 ",18.9796001,47.474657
2253,Point,information," 19.0453535, 47.5399943 ",19.0453535,47.5399943
2254,Point,information," 19.0446331, 47.5415659 ",19.0446331,47.5415659
2272,Point,information," 19.025602, 47.6388469 ",19.025602,47.6388469
2276,Point,information," 19.0460834, 47.5399471 ",19.0460834,47.5399471
2287,Point,information," 19.0180941, 47.482604 ",19.0180941,47.482604
2295,Point,information," 19.0485643, 47.5676811 ",19.0485643,47.5676811
2296,Point,information," 19.0250561, 47.5278182 ",19.0250561,47.5278182
2302,Point,information," 19.0422189, 47.5422908 ",19.0422189,47.5422908
2305,Point,information," 19.0601631, 47.4782888 ",19.0601631,47.4782888
2308,Point,information," 18.877659, 47.5976779 ",18.877659,47.5976779
2348,Point,information," 18.9550118, 47.5399127 ",18.9550118,47.5399127
2353,Point,information," 18.8964136, 47.5975156 ",18.8964136,47.5975156
2361,Point,information," 19.0964764, 47.3527741 ",19.0964764,47.3527741
2362,Point,information," 18.8986852, 47.6003785 ",18.8986852,47.6003785
2390,Point,information," 19.0392969, 47.4892447 ",19.0392969,47.4892447
2403,Point,information," 18.9605056, 47.5282457 ",18.9605056,47.5282457
2404,Point,information," 18.9611161, 47.5281726 ",18.9611161,47.5281726
2405,Point,information," 18.9616523, 47.5283151 ",18.9616523,47.5283151
2415,Point,information," 19.0535319, 47.498883 ",19.0535319,47.498883
2429,Point,information," 19.0321642, 47.5005832 ",19.0321642,47.5005832
2430,Point,information," 19.0321507, 47.5005543 ",19.0321507,47.5005543
2431,Point,information," 19.0348655, 47.4998857 ",19.0348655,47.4998857
2478,Point,information," 19.2461239, 47.5055863 ",19.2461239,47.5055863
2479,Point,information," 19.2503645, 47.5099341 ",19.2503645,47.5099341
2527,Point,information," 19.3976548, 47.6013676 ",19.3976548,47.6013676
2528,Point,information," 19.3991843, 47.6118038 ",19.3991843,47.6118038
2538,Point,information," 18.9869046, 47.5271513 ",18.9869046,47.5271513
2561,Point,information," 19.082529, 47.4558111 ",19.082529,47.4558111
2562,Point,information," 19.1080393, 47.40901 ",19.1080393,47.40901
2563,Point,information," 19.1112859, 47.3984012 ",19.1112859,47.3984012
2564,Point,information," 19.2884651, 47.4467131 ",19.2884651,47.4467131
2565,Point,information," 19.2880196, 47.4468239 ",19.2880196,47.4468239
2567,Point,information," 19.305194, 47.3282885 ",19.305194,47.3282885
2584,Point,information," 19.1936233, 47.4903034 ",19.1936233,47.4903034
2585,Point,information," 19.1922401, 47.4904453 ",19.1922401,47.4904453
2586,Point,information," 19.1928639, 47.4922033 ",19.1928639,47.4922033
2587,Point,information," 19.1947199, 47.4920447 ",19.1947199,47.4920447
2588,Point,information," 19.1990206, 47.4917512 ",19.1990206,47.4917512
2589,Point,information," 19.2023019, 47.4973986 ",19.2023019,47.4973986
2590,Point,information," 19.2067799, 47.4920431 ",19.2067799,47.4920431
2591,Point,information," 19.2090542, 47.4933789 ",19.2090542,47.4933789
2592,Point,information," 19.2077575, 47.4903261 ",19.2077575,47.4903261
2593,Point,information," 19.2071849, 47.4896759 ",19.2071849,47.4896759
2594,Point,information," 19.2045747, 47.4895866 ",19.2045747,47.4895866
2595,Point,information," 19.2004129, 47.4897291 ",19.2004129,47.4897291
2598,Point,information," 19.262335, 47.433211 ",19.262335,47.433211
2608,Point,information," 19.0378435, 47.5790046 ",19.0378435,47.5790046
2609,Point,information," 19.0423872, 47.5763457 ",19.0423872,47.5763457
2610,Point,information," 19.0419339, 47.5790643 ",19.0419339,47.5790643
2611,Point,information," 19.0715441, 47.4604408 ",19.0715441,47.4604408
2612,Point,information," 19.0304062, 47.5052483 ",19.0304062,47.5052483
2613,Point,information," 19.2740133, 47.4597417 ",19.2740133,47.4597417
2629,Point,information," 19.043694, 47.6282468 ",19.043694,47.6282468
2630,Point,information," 19.0358686, 47.498607 ",19.0358686,47.498607
2631,Point,information," 19.0379227, 47.4974628 ",19.0379227,47.4974628
2632,Point,information," 19.0379596, 47.4974223 ",19.0379596,47.4974223
2633,Point,information," 19.0843622, 47.4958835 ",19.0843622,47.4958835
2635,Point,information," 19.036253, 47.498601 ",19.036253,47.498601
2638,Point,information," 19.0285872, 47.5377633 ",19.0285872,47.5377633
2673,Point,information," 19.0100974, 47.5096663 ",19.0100974,47.5096663
2678,Point,information," 19.0502522, 47.5274789 ",19.0502522,47.5274789
2680,Point,information," 19.05249, 47.4984148 ",19.05249,47.4984148
2685,Point,information," 18.9541959, 47.5278428 ",18.9541959,47.5278428
2691,Point,information," 19.0537024, 47.4833414 ",19.0537024,47.4833414
2693,Point,information," 19.0563916, 47.480383 ",19.0563916,47.480383
2694,Point,information," 19.039433, 47.5103087 ",19.039433,47.5103087
2698,Point,information," 18.9725984, 47.5281812 ",18.9725984,47.5281812
2701,Point,information," 19.0667549, 47.3396456 ",19.0667549,47.3396456
2703,Point,information," 19.0300633, 47.5398541 ",19.0300633,47.5398541
2706,Point,information," 18.9638126, 47.4505989 ",18.9638126,47.4505989
2712,Point,information," 19.1883717, 47.4055069 ",19.1883717,47.4055069
2714,Point,information," 18.8950521, 47.6026311 ",18.8950521,47.6026311
2715,Point,information," 18.9032757, 47.5966237 ",18.9032757,47.5966237
2716,Point,information," 18.8975626, 47.5984087 ",18.8975626,47.5984087
2717,Point,information," 18.8815425, 47.5863129 ",18.8815425,47.5863129
2720,Point,information," 19.2861499, 47.5815501 ",19.2861499,47.5815501
2722,Point,information," 19.2615237, 47.4231882 ",19.2615237,47.4231882
2724,Point,information," 18.9357428, 47.5166966 ",18.9357428,47.5166966
2730,Point,information," 18.9659516, 47.4505952 ",18.9659516,47.4505952
2736,Point,information," 19.1321276, 47.4240055 ",19.1321276,47.4240055
2737,Point,information," 18.9562408, 47.541563 ",18.9562408,47.541563
2738,Point,information," 18.959042, 47.5423474 ",18.959042,47.5423474
2739,Point,information," 19.0434805, 47.6287957 ",19.0434805,47.6287957
2753,Point,information," 19.0906177, 47.5141016 ",19.0906177,47.5141016
2754,Point,information," 19.0710799, 47.4927129 ",19.0710799,47.4927129
2755,Point,information," 19.0711972, 47.492706 ",19.0711972,47.492706
2756,Point,information," 18.9847401, 47.6228533 ",18.9847401,47.6228533
2757,Point,information," 18.9866448, 47.6106631 ",18.9866448,47.6106631
2758,Point,information," 18.9783789, 47.6136927 ",18.9783789,47.6136927
2759,Point,information," 18.9721233, 47.6183462 ",18.9721233,47.6183462
2760,Point,information," 18.9795269, 47.6239837 ",18.9795269,47.6239837
2761,Point,information," 18.9777094, 47.6258454 ",18.9777094,47.6258454
2766,Point,information," 18.9387681, 47.520565 ",18.9387681,47.520565
2767,Point,information," 18.9466094, 47.494543 ",18.9466094,47.494543
2772,Point,information," 18.9928683, 47.4979289 ",18.9928683,47.4979289
2773,Point,information," 18.9929237, 47.4972806 ",18.9929237,47.4972806
2774,Point,information," 18.9934573, 47.4975693 ",18.9934573,47.4975693
2775,Point,information," 18.9936639, 47.4979818 ",18.9936639,47.4979818
2776,Point,information," 18.9932855, 47.4979133 ",18.9932855,47.4979133
2777,Point,information," 18.9941891, 47.4983662 ",18.9941891,47.4983662
2778,Point,information," 18.9938217, 47.4982192 ",18.9938217,47.4982192
2779,Point,information," 18.9939347, 47.4983452 ",18.9939347,47.4983452
2780,Point,information," 18.9939033, 47.4984996 ",18.9939033,47.4984996
2781,Point,information," 18.9933455, 47.4986261 ",18.9933455,47.4986261
2783,Point,information," 19.0623163, 47.5736104 ",19.0623163,47.5736104
2785,Point,information," 19.0280762, 47.50353 ",19.0280762,47.50353
2788,Point,information," 19.0730347, 47.4719694 ",19.0730347,47.4719694
2789,Point,information," 19.1285338, 47.5157782 ",19.1285338,47.5157782
2790,Point,information," 19.120092, 47.4537244 ",19.120092,47.4537244
2792,Point,information," 18.8898721, 47.6131105 ",18.8898721,47.6131105
2796,Point,information," 19.0541563, 47.4967685 ",19.0541563,47.4967685
2805,Point,information," 18.8735312, 47.3992669 ",18.8735312,47.3992669
2807,Point,information," 18.8733751, 47.3991424 ",18.8733751,47.3991424
2817,Point,information," 18.9992572, 47.5799183 ",18.9992572,47.5799183
2818,Point,information," 18.9523521, 47.6263518 ",18.9523521,47.6263518
2823,Point,information," 18.9277482, 47.5252059 ",18.9277482,47.5252059
2824,Point,information," 18.9348748, 47.5255772 ",18.9348748,47.5255772
2837,Point,information," 19.2627856, 47.4280455 ",19.2627856,47.4280455
2838,Point,information," 19.2627481, 47.4275982 ",19.2627481,47.4275982
2839,Point,information," 19.2639121, 47.4249997 ",19.2639121,47.4249997
2840,Point,information," 19.2631464, 47.4298247 ",19.2631464,47.4298247
2841,Point,information," 19.263306, 47.4292558 ",19.263306,47.4292558
2842,Point,information," 19.2635179, 47.4292595 ",19.2635179,47.4292595
2843,Point,information," 19.2630726, 47.4306158 ",19.2630726,47.4306158
2844,Point,information," 19.2632711, 47.4303681 ",19.2632711,47.4303681
2858,Point,information," 19.3699184, 47.476209 ",19.3699184,47.476209
2871,Point,information," 19.0279948, 47.5111147 ",19.0279948,47.5111147
2872,Point,information," 19.0185166, 47.5733657 ",19.0185166,47.5733657
2873,Point,information," 19.0175033, 47.5737819 ",19.0175033,47.5737819
2874,Point,information," 19.0174705, 47.5737943 ",19.0174705,47.5737943
2875,Point,information," 19.0289198, 47.537742 ",19.0289198,47.537742
2876,Point,information," 18.970978, 47.4996155 ",18.970978,47.4996155
2877,Point,information," 18.9963014, 47.489055 ",18.9963014,47.489055
2878,Point,information," 19.3830384, 47.4910731 ",19.3830384,47.4910731
2879,Point,information," 18.9872614, 47.4370331 ",18.9872614,47.4370331
2880,Point,information," 18.9861331, 47.4295976 ",18.9861331,47.4295976
2881,Point,information," 18.997381, 47.487697 ",18.997381,47.487697
2882,Point,information," 18.9970914, 47.4871025 ",18.9970914,47.4871025
2883,Point,information," 18.9782676, 47.4931578 ",18.9782676,47.4931578
2886,Point,information," 19.0915904, 47.5118095 ",19.0915904,47.5118095
2888,Point,information," 18.948188, 47.59261 ",18.948188,47.59261
2889,Point,information," 18.9480445, 47.5923902 ",18.9480445,47.5923902
2894,Point,information," 18.9490815, 47.4087594 ",18.9490815,47.4087594
2895,Point,information," 19.0871671, 47.5169554 ",19.0871671,47.5169554
2896,Point,information," 19.0877489, 47.516314 ",19.0877489,47.516314
2897,Point,information," 19.0882276, 47.5166631 ",19.0882276,47.5166631
2903,Point,information," 19.0550783, 47.6161808 ",19.0550783,47.6161808
2904,Point,information," 19.0547367, 47.6162053 ",19.0547367,47.6162053
2905,Point,information," 19.0465181, 47.6218521 ",19.0465181,47.6218521
2906,Point,information," 19.0468665, 47.621749 ",19.0468665,47.621749
2908,Point,information," 18.8666368, 47.5334649 ",18.8666368,47.5334649
2916,Point,information," 19.035062, 47.5904041 ",19.035062,47.5904041
2918,Point,information," 19.0354109, 47.5909649 ",19.0354109,47.5909649
2919,Point,information," 19.0354511, 47.5902627 ",19.0354511,47.5902627
2920,Point,information," 19.0369671, 47.5906608 ",19.0369671,47.5906608
2921,Point,information," 19.3869919, 47.3228697 ",19.3869919,47.3228697
2936,Point,information," 19.2016849, 47.4179284 ",19.2016849,47.4179284
2937,Point,information," 19.2007676, 47.4184075 ",19.2007676,47.4184075
2938,Point,information," 19.199515, 47.4190554 ",19.199515,47.4190554
2939,Point,information," 19.1986567, 47.4195854 ",19.1986567,47.4195854
2940,Point,information," 19.1975275, 47.4202206 ",19.1975275,47.4202206
2941,Point,information," 19.196586, 47.4205781 ",19.196586,47.4205781
2942,Point,information," 19.1964653, 47.4213585 ",19.1964653,47.4213585
2943,Point,information," 19.1973639, 47.4219737 ",19.1973639,47.4219737
2944,Point,information," 19.1984609, 47.4220209 ",19.1984609,47.4220209
2945,Point,information," 19.1990617, 47.4220317 ",19.1990617,47.4220317
2946,Point,information," 19.1997778, 47.4217486 ",19.1997778,47.4217486
2947,Point,information," 19.2008319, 47.421275 ",19.2008319,47.421275
2948,Point,information," 19.2020215, 47.4213639 ",19.2020215,47.4213639
2949,Point,information," 19.2026263, 47.4205926 ",19.2026263,47.4205926
2953,Point,information," 18.9498049, 47.4093684 ",18.9498049,47.4093684
2954,Point,information," 18.9105151, 47.5683319 ",18.9105151,47.5683319
2955,Point,information," 18.9022175, 47.5719508 ",18.9022175,47.5719508
2956,Point,information," 19.010779, 47.548239 ",19.010779,47.548239
2960,Point,information," 19.0020954, 47.5583963 ",19.0020954,47.5583963
2961,Point,information," 18.997191, 47.5612938 ",18.997191,47.5612938
2962,Point,information," 18.9949182, 47.5633992 ",18.9949182,47.5633992
2963,Point,information," 18.9927712, 47.5641876 ",18.9927712,47.5641876
2965,Point,information," 19.0462723, 47.4778678 ",19.0462723,47.4778678
2966,Point,information," 19.0462589, 47.4775401 ",19.0462589,47.4775401
2967,Point,information," 19.0468477, 47.477551 ",19.0468477,47.477551
2968,Point,information," 19.0472118, 47.4769931 ",19.0472118,47.4769931
2969,Point,information," 19.0473506, 47.4774159 ",19.0473506,47.4774159
2970,Point,information," 19.047881, 47.4777935 ",19.047881,47.4777935
2971,Point,information," 19.0534533, 47.4835901 ",19.0534533,47.4835901
2972,Point,information," 19.0702184, 47.4968692 ",19.0702184,47.4968692
2973,Point,information," 19.0390277, 47.5150654 ",19.0390277,47.5150654
2974,Point,information," 19.0242138, 47.5070147 ",19.0242138,47.5070147
2975,Point,information," 19.0241967, 47.5067531 ",19.0241967,47.5067531
2976,Point,information," 19.0249152, 47.5065635 ",19.0249152,47.5065635
2977,Point,information," 19.0388051, 47.50628 ",19.0388051,47.50628
2978,Point,information," 19.0322263, 47.5114154 ",19.0322263,47.5114154
2980,Point,information," 18.9505212, 47.4101612 ",18.9505212,47.4101612
2984,Point,information," 19.0612967, 47.4892797 ",19.0612967,47.4892797
2985,Point,information," 19.0393509, 47.5058687 ",19.0393509,47.5058687
2986,Point,information," 19.0577146, 47.4871677 ",19.0577146,47.4871677
2987,Point,information," 19.0244398, 47.5067313 ",19.0244398,47.5067313
2988,Point,information," 19.0465446, 47.4745556 ",19.0465446,47.4745556
2989,Point,information," 19.0482894, 47.5130885 ",19.0482894,47.5130885
2991,Point,information," 19.0531991, 47.4834587 ",19.0531991,47.4834587
2992,Point,information," 19.0249917, 47.5074269 ",19.0249917,47.5074269
3013,Point,information," 19.062434, 47.4765009 ",19.062434,47.4765009
3014,Point,information," 19.0396644, 47.6176199 ",19.0396644,47.6176199