id,poi shape,poi type,coordinate
30,Point,bus_stop," 18.9997858, 47.4259208 "
216,Point,bus_stop," 18.8795403, 47.5757817 "
217,Point,bus_stop," 18.8868014, 47.5758167 "
218,Point,bus_stop," 18.8893882, 47.5762242 "
219,Point,bus_stop," 18.8914693, 47.5758093 "
220,Point,bus_stop," 18.9092736, 47.5671214 "
221,Point,bus_stop," 18.9098539, 47.5669759 "
222,Point,bus_stop," 18.898491, 47.571612 "
259,Point,bus_stop," 18.9403553, 47.4559403 "
296,Point,bus_stop," 19.3393768, 47.44505 "
357,Point,bus_stop," 19.0151738, 47.4519479 "
369,Point,bus_stop," 19.0302136, 47.4733222 "
416,Point,bus_stop," 19.0745011, 47.5038146 "
417,Point,bus_stop," 19.0690921, 47.5054454 "
418,Point,bus_stop," 19.0690469, 47.5053311 "
419,Point,bus_stop," 19.071805, 47.506981 "
420,Point,bus_stop," 19.0735113, 47.5029111 "
421,Point,bus_stop," 19.0695763, 47.4983181 "
423,Point,bus_stop," 19.0871744, 47.5174419 "
424,Point,bus_stop," 19.0730083, 47.5002613 "
427,Point,bus_stop," 19.072206, 47.5026047 "
543,Point,bus_stop," 19.0527403, 47.4740535 "
549,Point,bus_stop," 19.0362045, 47.4900548 "
550,Point,bus_stop," 19.0305452, 47.4903343 "
556,Point,bus_stop," 19.0184364, 47.4905867 "
574,Point,bus_stop," 19.0234784, 47.4901754 "
602,Point,bus_stop," 19.0301699, 47.4822162 "
607,Point,bus_stop," 19.0318764, 47.4784631 "
614,Point,bus_stop," 19.0593005, 47.476623 "
615,Point,bus_stop," 19.0569793, 47.4759995 "
617,Point,bus_stop," 19.0455036, 47.4744314 "
711,Point,bus_stop," 19.2086825, 47.3964538 "
719,Point,bus_stop," 19.2104494, 47.3948796 "
720,Point,bus_stop," 19.2105239, 47.3947008 "
721,Point,bus_stop," 19.2086976, 47.3968853 "
723,Point,bus_stop," 19.2179714, 47.3899044 "
724,Point,bus_stop," 19.2177208, 47.3901862 "
726,Point,bus_stop," 19.2213582, 47.3917556 "
727,Point,bus_stop," 19.2248782, 47.3920833 "
728,Point,bus_stop," 19.2285504, 47.3897314 "
729,Point,bus_stop," 19.2311154, 47.3880834 "
730,Point,bus_stop," 19.235512, 47.3852617 "
731,Point,bus_stop," 19.2307619, 47.3818353 "
732,Point,bus_stop," 19.2283311, 47.3834002 "
733,Point,bus_stop," 19.2237166, 47.3863987 "
744,Point,bus_stop," 19.1468201, 47.5397373 "
756,Point,bus_stop," 19.0470638, 47.4890959 "
758,Point,bus_stop," 19.0483897, 47.4891222 "
759,Point,bus_stop," 19.0406184, 47.4977485 "
760,Point,bus_stop," 19.0408183, 47.4978416 "
761,Point,bus_stop," 19.0433586, 47.4938874 "
762,Point,bus_stop," 19.0431014, 47.4931084 "
768,Point,bus_stop," 19.2107794, 47.6202157 "
834,Point,bus_stop," 18.9998073, 47.4257647 "
840,Point,bus_stop," 18.9649215, 47.4481852 "
853,Point,bus_stop," 19.0243935, 47.5288348 "
854,Point,bus_stop," 19.0242425, 47.528727 "
855,Point,bus_stop," 19.0270825, 47.5281214 "
856,Point,bus_stop," 19.027379, 47.528353 "
871,Point,bus_stop," 19.0302028, 47.526569 "
875,Point,bus_stop," 19.0284171, 47.5274278 "
876,Point,bus_stop," 19.0285848, 47.5277236 "
877,Point,bus_stop," 19.0314205, 47.5269209 "
900,Point,bus_stop," 19.0600346, 47.4955743 "
903,Point,bus_stop," 19.0657828, 47.4963055 "
904,Point,bus_stop," 19.0655233, 47.4985529 "
912,Point,bus_stop," 19.0693311, 47.5009408 "
959,Point,bus_stop," 19.0972204, 47.5106515 "
996,Point,bus_stop," 19.0420687, 47.5505983 "
1039,Point,bus_stop," 19.0025686, 47.5290593 "
1041,Point,bus_stop," 19.0089067, 47.5298078 "
1042,Point,bus_stop," 19.0087445, 47.5300886 "
1043,Point,bus_stop," 19.0219558, 47.5287235 "
1044,Point,bus_stop," 19.0215799, 47.528529 "
1057,Point,bus_stop," 19.0299534, 47.5427162 "
1079,Point,bus_stop," 19.0182514, 47.5706409 "
1080,Point,bus_stop," 19.0189187, 47.5696274 "
1086,Point,bus_stop," 19.0133884, 47.5744443 "
1087,Point,bus_stop," 19.0152793, 47.574162 "
1117,Point,bus_stop," 19.0419932, 47.5399548 "
1201,Point,bus_stop," 19.1030574, 47.4815251 "
1215,Point,bus_stop," 19.1070981, 47.4861943 "
1242,Point,bus_stop," 19.1317823, 47.4849247 "
1255,Point,bus_stop," 19.0541501, 47.5032089 "
1256,Point,bus_stop," 19.0542027, 47.5029018 "
1260,Point,bus_stop," 19.0542388, 47.5070935 "
1261,Point,bus_stop," 19.0557192, 47.5065618 "
1264,Point,bus_stop," 19.057561, 47.50531 "
1265,Point,bus_stop," 19.0578827, 47.5051552 "
1266,Point,bus_stop," 19.0584936, 47.5092417 "
1267,Point,bus_stop," 19.0586487, 47.5091617 "
1272,Point,bus_stop," 19.0663809, 47.5083496 "
1273,Point,bus_stop," 19.0676798, 47.5074972 "
1274,Point,bus_stop," 19.0695433, 47.506163 "
1275,Point,bus_stop," 19.0701669, 47.5055512 "
1276,Point,bus_stop," 19.072103, 47.5072651 "
1279,Point,bus_stop," 19.0626563, 47.5110924 "
1280,Point,bus_stop," 19.0627222, 47.5116349 "
1281,Point,bus_stop," 19.0626544, 47.5111666 "
1282,Point,bus_stop," 19.0625927, 47.5117329 "
1283,Point,bus_stop," 19.0651105, 47.5132493 "
1284,Point,bus_stop," 19.0652557, 47.5131642 "
1286,Point,bus_stop," 19.0681768, 47.514496 "
1287,Point,bus_stop," 19.0682935, 47.5148787 "
1288,Point,bus_stop," 19.0700212, 47.5151283 "
1289,Point,bus_stop," 19.0724971, 47.5039043 "
1294,Point,bus_stop," 19.0725467, 47.5150843 "
1297,Point,bus_stop," 19.0745562, 47.5160998 "
1298,Point,bus_stop," 19.0745685, 47.5159862 "
1331,Point,bus_stop," 18.9390733, 47.5823412 "
1332,Point,bus_stop," 18.937191, 47.5870399 "
1333,Point,bus_stop," 18.9372638, 47.5917083 "
1362,Point,bus_stop," 18.8932238, 47.4059951 "
1363,Point,bus_stop," 18.8837867, 47.4132142 "
1364,Point,bus_stop," 18.8830814, 47.4132965 "
1365,Point,bus_stop," 18.883641, 47.4134817 "
1366,Point,bus_stop," 18.8884279, 47.4096826 "
1367,Point,bus_stop," 18.8893848, 47.4091482 "
1368,Point,bus_stop," 18.8927675, 47.4061171 "
1369,Point,bus_stop," 18.9122847, 47.3949869 "
1370,Point,bus_stop," 18.912816, 47.3948192 "
1371,Point,bus_stop," 18.9170311, 47.3919394 "
1372,Point,bus_stop," 18.9181588, 47.3910189 "
1373,Point,bus_stop," 18.9227563, 47.3784176 "
1375,Point,bus_stop," 18.922433, 47.3882753 "
1376,Point,bus_stop," 18.9214178, 47.388797 "
1377,Point,bus_stop," 18.9248736, 47.3856222 "
1378,Point,bus_stop," 18.9247297, 47.3858511 "
1379,Point,bus_stop," 18.9031168, 47.3999162 "
1380,Point,bus_stop," 18.9070171, 47.3977823 "
1381,Point,bus_stop," 18.8978008, 47.4029321 "
1382,Point,bus_stop," 18.9015235, 47.400985 "
1383,Point,bus_stop," 18.8974608, 47.4033157 "
1384,Point,bus_stop," 18.9077926, 47.3971956 "
1385,Point,bus_stop," 18.9634229, 47.451413 "
1387,Point,bus_stop," 18.9601027, 47.4138104 "
1388,Point,bus_stop," 18.9602327, 47.4136043 "
1389,Point,bus_stop," 18.9722464, 47.41542 "
1390,Point,bus_stop," 18.9730316, 47.4156381 "
1394,Point,bus_stop," 18.9847589, 47.419219 "
1395,Point,bus_stop," 18.985061, 47.4191415 "
1418,Point,bus_stop," 18.9189653, 47.4545705 "
1419,Point,bus_stop," 18.9270932, 47.4525647 "
1420,Point,bus_stop," 18.9202714, 47.4568332 "
1423,Point,bus_stop," 18.9288414, 47.4559236 "
1426,Point,bus_stop," 18.9304473, 47.453086 "
1427,Point,bus_stop," 18.929798, 47.4531826 "
1428,Point,bus_stop," 18.9345712, 47.4542979 "
1429,Point,bus_stop," 18.9373732, 47.454763 "
1430,Point,bus_stop," 18.9384363, 47.4551339 "
1431,Point,bus_stop," 18.9344052, 47.4556411 "
1434,Point,bus_stop," 18.9323036, 47.4587043 "
1437,Point,bus_stop," 18.9705188, 47.4379827 "
1438,Point,bus_stop," 18.9739362, 47.4353859 "
1442,Point,bus_stop," 18.9585391, 47.4454296 "
1443,Point,bus_stop," 18.9623317, 47.447181 "
1444,Point,bus_stop," 18.9612556, 47.4475229 "
1445,Point,bus_stop," 18.941212, 47.4554725 "
1448,Point,bus_stop," 18.9506256, 47.4573738 "
1449,Point,bus_stop," 18.9510603, 47.457551 "
1453,Point,bus_stop," 18.9621714, 47.4546293 "
1454,Point,bus_stop," 18.9540625, 47.4580133 "
1455,Point,bus_stop," 18.9533545, 47.4579632 "
1456,Point,bus_stop," 18.9538072, 47.4599294 "
1457,Point,bus_stop," 18.9537018, 47.459837 "
1458,Point,bus_stop," 18.9664094, 47.4398399 "
1459,Point,bus_stop," 18.9662659, 47.4399411 "
1460,Point,bus_stop," 18.9635482, 47.4581595 "
1461,Point,bus_stop," 18.964763, 47.4596767 "
1462,Point,bus_stop," 18.9700062, 47.4563227 "
1463,Point,bus_stop," 18.9681646, 47.4576767 "
1464,Point,bus_stop," 18.9743024, 47.4559394 "
1465,Point,bus_stop," 18.974308, 47.4558716 "
1466,Point,bus_stop," 18.9753791, 47.4585627 "
1467,Point,bus_stop," 18.9756128, 47.4585094 "
1469,Point,bus_stop," 18.9556521, 47.4613996 "
1470,Point,bus_stop," 18.9604443, 47.4624329 "
1471,Point,bus_stop," 18.9692002, 47.4615681 "
1472,Point,bus_stop," 18.9694636, 47.4636635 "
1473,Point,bus_stop," 18.9699022, 47.4647435 "
1474,Point,bus_stop," 18.9736822, 47.4660013 "
1475,Point,bus_stop," 18.9794233, 47.467624 "
1492,Point,bus_stop," 19.0092929, 47.5255566 "
1493,Point,bus_stop," 19.0099745, 47.5254191 "
1494,Point,bus_stop," 19.0132642, 47.5242576 "
1495,Point,bus_stop," 19.0129152, 47.5242651 "
1496,Point,bus_stop," 19.0210742, 47.5211331 "
1497,Point,bus_stop," 19.0217086, 47.5201205 "
1500,Point,bus_stop," 19.0174346, 47.5228545 "
1503,Point,bus_stop," 19.0174428, 47.5227192 "
1504,Point,bus_stop," 19.0204868, 47.5217217 "
1593,Point,bus_stop," 18.9195523, 47.433279 "
1615,Point,bus_stop," 18.9561255, 47.4617 "
1616,Point,bus_stop," 18.9621859, 47.462449 "
1618,Point,bus_stop," 18.8909686, 47.3985241 "
1619,Point,bus_stop," 18.8946807, 47.3953836 "
1620,Point,bus_stop," 18.8942523, 47.3958427 "
1621,Point,bus_stop," 18.8914669, 47.3982768 "
1622,Point,bus_stop," 18.8875956, 47.4018893 "
1623,Point,bus_stop," 18.8885131, 47.400612 "
1624,Point,bus_stop," 18.8834967, 47.4074106 "
1625,Point,bus_stop," 18.8838289, 47.4067481 "
1626,Point,bus_stop," 18.8817524, 47.4105745 "
1627,Point,bus_stop," 18.8813142, 47.4100721 "
1628,Point,bus_stop," 18.8899134, 47.4161999 "
1629,Point,bus_stop," 18.8898557, 47.4159508 "
1630,Point,bus_stop," 18.8951055, 47.4141425 "
1631,Point,bus_stop," 18.895107, 47.4147377 "
1632,Point,bus_stop," 18.8740179, 47.4212397 "
1633,Point,bus_stop," 18.8669806, 47.4276058 "
1634,Point,bus_stop," 18.870046, 47.4244563 "
1635,Point,bus_stop," 18.8732752, 47.4260731 "
1636,Point,bus_stop," 18.86907, 47.4279245 "
1637,Point,bus_stop," 18.8765342, 47.419197 "
1638,Point,bus_stop," 18.8838326, 47.4213886 "
1639,Point,bus_stop," 18.8816497, 47.4223736 "
1640,Point,bus_stop," 18.8765648, 47.4245879 "
1641,Point,bus_stop," 18.8903903, 47.4184875 "
1642,Point,bus_stop," 18.8871297, 47.419923 "
1643,Point,bus_stop," 18.8941777, 47.4209241 "
1644,Point,bus_stop," 18.8943631, 47.4210596 "
1645,Point,bus_stop," 18.8950749, 47.4267614 "
1646,Point,bus_stop," 18.8946236, 47.4267651 "
1647,Point,bus_stop," 18.9063033, 47.3822036 "
1648,Point,bus_stop," 18.906853, 47.3824297 "
1649,Point,bus_stop," 18.9133981, 47.3832993 "
1650,Point,bus_stop," 18.91311, 47.3834806 "
1651,Point,bus_stop," 18.9007907, 47.3887324 "
1652,Point,bus_stop," 18.9010624, 47.3884747 "
1653,Point,bus_stop," 18.9023697, 47.3860714 "
1654,Point,bus_stop," 18.9020025, 47.3868554 "
1655,Point,bus_stop," 18.8990038, 47.391813 "
1656,Point,bus_stop," 18.8995039, 47.3909107 "
1657,Point,bus_stop," 18.9224052, 47.3818171 "
1658,Point,bus_stop," 18.9246077, 47.3795699 "
1659,Point,bus_stop," 18.924711, 47.3795869 "
1660,Point,bus_stop," 18.9248143, 47.379604 "
1661,Point,bus_stop," 18.9249175, 47.379621 "
1662,Point,bus_stop," 18.9250208, 47.379638 "
1663,Point,bus_stop," 18.9251241, 47.3796551 "
1664,Point,bus_stop," 18.9252274, 47.3796721 "
1665,Point,bus_stop," 18.9253307, 47.3796891 "
1666,Point,bus_stop," 18.925434, 47.3797062 "
1667,Point,bus_stop," 18.9255372, 47.3797232 "
1668,Point,bus_stop," 18.9256405, 47.3797402 "
1669,Point,bus_stop," 18.9330788, 47.378807 "
1670,Point,bus_stop," 18.9349119, 47.3786334 "
1671,Point,bus_stop," 18.9254116, 47.3899569 "
1672,Point,bus_stop," 18.9253521, 47.3899054 "
1673,Point,bus_stop," 18.9351337, 47.3859652 "
1674,Point,bus_stop," 18.935212, 47.3852085 "
1675,Point,bus_stop," 18.9364563, 47.392866 "
1676,Point,bus_stop," 18.9365825, 47.3930733 "
1677,Point,bus_stop," 18.910643, 47.4052985 "
1678,Point,bus_stop," 18.9108521, 47.4050119 "
1679,Point,bus_stop," 18.9159747, 47.4007447 "
1680,Point,bus_stop," 18.915532, 47.4012035 "
1681,Point,bus_stop," 18.9032492, 47.4091795 "
1682,Point,bus_stop," 18.9028705, 47.4096357 "
1683,Point,bus_stop," 18.9217444, 47.395463 "
1684,Point,bus_stop," 18.9218628, 47.3951076 "
1685,Point,bus_stop," 18.9412813, 47.3985167 "
1686,Point,bus_stop," 18.9415406, 47.3986548 "
1687,Point,bus_stop," 18.9440761, 47.4022583 "
1689,Point,bus_stop," 18.9462741, 47.4044092 "
1695,Point,bus_stop," 18.9578909, 47.4104044 "
1696,Point,bus_stop," 18.9577611, 47.4114039 "
1760,Point,bus_stop," 19.0411635, 47.5500511 "
1761,Point,bus_stop," 19.0367362, 47.5276193 "
1762,Point,bus_stop," 19.037178, 47.5277996 "
1763,Point,bus_stop," 19.0368666, 47.5276597 "
1764,Point,bus_stop," 19.0400286, 47.5276023 "
1765,Point,bus_stop," 19.0435802, 47.5333328 "
1767,Point,bus_stop," 19.046951, 47.5383533 "
1768,Point,bus_stop," 19.0467748, 47.5399344 "
1769,Point,bus_stop," 18.9907293, 47.5224062 "
1770,Point,bus_stop," 18.990842, 47.5222764 "
1772,Point,bus_stop," 18.9931057, 47.5235596 "
1773,Point,bus_stop," 18.9928108, 47.5235104 "
1785,Point,bus_stop," 18.9933712, 47.5336434 "
1786,Point,bus_stop," 18.996315, 47.5285427 "
1787,Point,bus_stop," 18.9965587, 47.5284463 "
1788,Point,bus_stop," 18.9997368, 47.5284609 "
1789,Point,bus_stop," 18.999608, 47.5285813 "
1790,Point,bus_stop," 18.997241, 47.5313852 "
1791,Point,bus_stop," 18.9980009, 47.5309418 "
1792,Point,bus_stop," 19.0042762, 47.5290522 "
1793,Point,bus_stop," 19.0076522, 47.527453 "
1794,Point,bus_stop," 19.0076925, 47.5272191 "
1795,Point,bus_stop," 19.0113474, 47.529363 "
1796,Point,bus_stop," 19.0111257, 47.5296313 "
1797,Point,bus_stop," 19.0163548, 47.529557 "
1798,Point,bus_stop," 19.0168779, 47.5293806 "
1808,Point,bus_stop," 19.0242741, 47.5146466 "
1809,Point,bus_stop," 19.0238199, 47.514748 "
1810,Point,bus_stop," 19.0268173, 47.5139844 "
1811,Point,bus_stop," 19.0274169, 47.513967 "
1812,Point,bus_stop," 19.0208982, 47.5173952 "
1813,Point,bus_stop," 19.0211533, 47.5175139 "
1814,Point,bus_stop," 19.0219139, 47.5201347 "
1815,Point,bus_stop," 19.0241595, 47.5166959 "
1816,Point,bus_stop," 19.0242041, 47.5169079 "
1819,Point,bus_stop," 19.0343876, 47.5102981 "
1820,Point,bus_stop," 19.0322349, 47.5114048 "
1821,Point,bus_stop," 19.0320789, 47.5112742 "
1822,Point,bus_stop," 19.0345355, 47.5111709 "
1828,Point,bus_stop," 18.9267296, 47.3896903 "
1832,Point,bus_stop," 18.9375728, 47.401957 "
1836,Point,bus_stop," 18.9407916, 47.4045891 "
1837,Point,bus_stop," 18.9423671, 47.405364 "
1842,Point,bus_stop," 18.9226113, 47.3817779 "
1855,Point,bus_stop," 18.9712501, 47.3881558 "
1856,Point,bus_stop," 18.9458336, 47.3801143 "
1860,Point,bus_stop," 18.9541045, 47.3829904 "
1867,Point,bus_stop," 18.9454524, 47.3801009 "
1868,Point,bus_stop," 18.9536229, 47.3830851 "
1992,Point,bus_stop," 19.0786858, 47.5591372 "
1998,Point,bus_stop," 19.0786002, 47.558949 "
2056,Point,bus_stop," 18.9636685, 47.4581945 "
2057,Point,bus_stop," 18.9597492, 47.4532522 "
2058,Point,bus_stop," 18.9775224, 47.4373991 "
2059,Point,bus_stop," 18.9729103, 47.4601876 "
2060,Point,bus_stop," 18.9702148, 47.4562617 "
2061,Point,bus_stop," 18.9584787, 47.4455881 "
2062,Point,bus_stop," 18.9666139, 47.4575588 "
2063,Point,bus_stop," 18.9780388, 47.4683151 "
2065,Point,bus_stop," 18.9721578, 47.4378696 "
2066,Point,bus_stop," 18.9690192, 47.4396664 "
2112,Point,bus_stop," 19.021124, 47.4978301 "
2154,Point,bus_stop," 18.9826092, 47.3544915 "
2155,Point,bus_stop," 18.9831381, 47.3547354 "
2164,Point,bus_stop," 19.1006458, 47.4759106 "
2166,Point,bus_stop," 19.1002907, 47.4758245 "
2168,Point,bus_stop," 18.9836795, 47.3632766 "
2169,Point,bus_stop," 18.9801688, 47.3607377 "
2170,Point,bus_stop," 19.0600107, 47.4695111 "
2177,Point,bus_stop," 18.9410679, 47.3789916 "
2178,Point,bus_stop," 18.941019, 47.3790833 "
2201,Point,bus_stop," 18.9766911, 47.4024814 "
2215,Point,bus_stop," 18.9769397, 47.4025061 "
2277,Point,bus_stop," 18.9218234, 47.51492 "
2281,Point,bus_stop," 18.901745, 47.4718018 "
2282,Point,bus_stop," 18.9216568, 47.5073224 "
2285,Point,bus_stop," 18.9093303, 47.4901651 "
2287,Point,bus_stop," 18.9267707, 47.5091157 "
2289,Point,bus_stop," 18.9214959, 47.5070707 "
2293,Point,bus_stop," 18.9212679, 47.5068612 "
2295,Point,bus_stop," 18.9210462, 47.5038072 "
2299,Point,bus_stop," 18.9214315, 47.507045 "
2303,Point,bus_stop," 18.8789466, 47.3743224 "
2304,Point,bus_stop," 18.8648324, 47.382396 "
2305,Point,bus_stop," 18.8775575, 47.3735347 "
2306,Point,bus_stop," 18.8939783, 47.3792011 "
2307,Point,bus_stop," 18.902653, 47.381406 "
2308,Point,bus_stop," 18.8585547, 47.3864837 "
2309,Point,bus_stop," 18.8778537, 47.374101 "
2310,Point,bus_stop," 18.8650013, 47.3824269 "
2311,Point,bus_stop," 18.8754396, 47.4677763 "
2312,Point,bus_stop," 18.898827, 47.380384 "
2313,Point,bus_stop," 18.9356859, 47.3759166 "
2314,Point,bus_stop," 18.8933335, 47.3791296 "
2315,Point,bus_stop," 18.901931, 47.3811438 "
2316,Point,bus_stop," 18.8785634, 47.3734833 "
2317,Point,bus_stop," 18.8988788, 47.3804892 "
2318,Point,bus_stop," 18.8859814, 47.3773139 "
2319,Point,bus_stop," 18.8854764, 47.3771213 "
2320,Point,bus_stop," 18.874724, 47.4682772 "
2330,Point,bus_stop," 19.2390793, 47.4711025 "
2331,Point,bus_stop," 19.2418236, 47.473812 "
2395,Point,bus_stop," 19.0819777, 47.5245618 "
2418,Point,bus_stop," 19.3937456, 47.4224828 "
2423,Point,bus_stop," 19.1391646, 47.6294972 "
2424,Point,bus_stop," 19.1639327, 47.6193379 "
2428,Point,bus_stop," 19.1363975, 47.5051326 "
2431,Point,bus_stop," 19.1366755, 47.5040903 "
2435,Point,bus_stop," 19.1306834, 47.6114841 "
2436,Point,bus_stop," 19.1271963, 47.6036558 "
2451,Point,bus_stop," 19.362875, 47.4473807 "
2475,Point,bus_stop," 19.1376196, 47.5032529 "
2476,Point,bus_stop," 19.1373141, 47.5032173 "
2543,Point,bus_stop," 18.9466753, 47.4157523 "
2544,Point,bus_stop," 18.9471736, 47.4154609 "
2545,Point,bus_stop," 18.9345529, 47.4161438 "
2573,Point,bus_stop," 19.0267279, 47.559884 "
2604,Point,bus_stop," 18.9645852, 47.5428793 "
2732,Point,bus_stop," 18.9284241, 47.3274664 "
2733,Point,bus_stop," 18.8602455, 47.3626645 "
2734,Point,bus_stop," 18.9151435, 47.3765964 "
2735,Point,bus_stop," 18.9296992, 47.3619415 "
2736,Point,bus_stop," 18.9354809, 47.327975 "
2737,Point,bus_stop," 18.9449027, 47.333508 "
2738,Point,bus_stop," 18.8963148, 47.3724906 "
2739,Point,bus_stop," 18.8673538, 47.3666986 "
2740,Point,bus_stop," 18.9295661, 47.3618982 "
2741,Point,bus_stop," 18.899445, 47.3230328 "
2742,Point,bus_stop," 18.9249746, 47.3252424 "
2743,Point,bus_stop," 18.9313857, 47.3656158 "
2744,Point,bus_stop," 18.9180951, 47.377404 "
2745,Point,bus_stop," 18.9333416, 47.3591276 "
2746,Point,bus_stop," 18.9127467, 47.3244041 "
2747,Point,bus_stop," 18.9247623, 47.3253682 "
2748,Point,bus_stop," 18.8756215, 47.3719453 "
2749,Point,bus_stop," 18.9354652, 47.3278284 "
2750,Point,bus_stop," 18.9099125, 47.3755423 "
2751,Point,bus_stop," 18.8686646, 47.3672945 "
2752,Point,bus_stop," 18.9165796, 47.375664 "
2753,Point,bus_stop," 18.9180785, 47.3759286 "
2754,Point,bus_stop," 18.9149821, 47.3338548 "
2756,Point,bus_stop," 18.9122462, 47.3243687 "
2757,Point,bus_stop," 18.9367042, 47.3578295 "
2758,Point,bus_stop," 18.8723354, 47.3685075 "
2759,Point,bus_stop," 18.9180762, 47.3760883 "
2760,Point,bus_stop," 18.9339773, 47.3587843 "
2761,Point,bus_stop," 18.9202917, 47.3248009 "
2762,Point,bus_stop," 18.8749202, 47.371517 "
2763,Point,bus_stop," 18.9422421, 47.3309644 "
2764,Point,bus_stop," 18.8719066, 47.3687775 "
2765,Point,bus_stop," 18.9150443, 47.3706375 "
2766,Point,bus_stop," 18.9206411, 47.3731835 "
2767,Point,bus_stop," 18.9091462, 47.3228331 "
2768,Point,bus_stop," 18.8664433, 47.3734305 "
2769,Point,bus_stop," 18.9384551, 47.3313232 "
2770,Point,bus_stop," 18.9383296, 47.3609176 "
2771,Point,bus_stop," 18.8748092, 47.366133 "
2772,Point,bus_stop," 18.9110202, 47.3633285 "
2773,Point,bus_stop," 18.9359184, 47.3577783 "
2774,Point,bus_stop," 18.921361, 47.3248284 "
2775,Point,bus_stop," 18.8669248, 47.3728901 "
2776,Point,bus_stop," 18.9450264, 47.3334661 "
2777,Point,bus_stop," 18.8900621, 47.3709442 "
2778,Point,bus_stop," 18.9148136, 47.3695354 "
2779,Point,bus_stop," 18.9207165, 47.3728385 "
2780,Point,bus_stop," 18.9215199, 47.327906 "
2782,Point,bus_stop," 18.9099564, 47.3223932 "
2783,Point,bus_stop," 18.8628751, 47.3763194 "
2784,Point,bus_stop," 18.9364564, 47.3314754 "
2785,Point,bus_stop," 18.9469642, 47.3356569 "
2786,Point,bus_stop," 18.9113186, 47.3634827 "
2787,Point,bus_stop," 18.9246767, 47.3681757 "
2788,Point,bus_stop," 18.9205477, 47.3286242 "
2789,Point,bus_stop," 18.8847873, 47.3696084 "
2790,Point,bus_stop," 18.9242992, 47.3688302 "
2791,Point,bus_stop," 18.929575, 47.327882 "
2792,Point,bus_stop," 18.8624552, 47.376786 "
2793,Point,bus_stop," 18.9380631, 47.3356366 "
2794,Point,bus_stop," 18.8910396, 47.3710572 "
2795,Point,bus_stop," 18.8950229, 47.3346074 "
2796,Point,bus_stop," 18.9272207, 47.365418 "
2797,Point,bus_stop," 18.8590886, 47.3790575 "
2798,Point,bus_stop," 18.9339846, 47.3301669 "
2799,Point,bus_stop," 18.8847932, 47.3693967 "
2800,Point,bus_stop," 18.9082385, 47.3753295 "
2801,Point,bus_stop," 18.9347073, 47.3302944 "
2802,Point,bus_stop," 18.9425553, 47.3313534 "
2803,Point,bus_stop," 18.8590029, 47.3790986 "
2804,Point,bus_stop," 18.9360879, 47.3311196 "
2805,Point,bus_stop," 18.8960167, 47.3722645 "
2806,Point,bus_stop," 18.8602897, 47.3628033 "
2807,Point,bus_stop," 18.8948063, 47.3344525 "
2808,Point,bus_stop," 18.9276992, 47.3647083 "
2809,Point,bus_stop," 19.3462651, 47.3847275 "
2810,Point,bus_stop," 19.3462491, 47.3849703 "
2846,Point,bus_stop," 19.3681159, 47.4439951 "
2847,Point,bus_stop," 19.3728593, 47.4405711 "
2856,Point,bus_stop," 19.3361228, 47.3870091 "
2857,Point,bus_stop," 19.335474, 47.3870387 "
2858,Point,bus_stop," 19.3294605, 47.3887862 "
2859,Point,bus_stop," 19.3288621, 47.3887981 "
2860,Point,bus_stop," 19.3909073, 47.370328 "
2866,Point,bus_stop," 19.1335356, 47.5248123 "
2867,Point,bus_stop," 19.1327042, 47.5242282 "
2870,Point,bus_stop," 19.1410453, 47.5245718 "
2871,Point,bus_stop," 19.1307904, 47.522733 "
2872,Point,bus_stop," 19.1359966, 47.5209946 "
2874,Point,bus_stop," 19.1383899, 47.5226965 "
2875,Point,bus_stop," 19.127313, 47.519181 "
2876,Point,bus_stop," 19.1272825, 47.519356 "
2877,Point,bus_stop," 19.1232565, 47.5213927 "
2878,Point,bus_stop," 19.1263131, 47.5190835 "
2879,Point,bus_stop," 19.1249593, 47.5248518 "
2880,Point,bus_stop," 19.1224401, 47.5216923 "
2881,Point,bus_stop," 19.1262849, 47.5193065 "
2882,Point,bus_stop," 19.1246186, 47.5247302 "
2960,Point,bus_stop," 19.2608255, 47.495802 "
2982,Point,bus_stop," 18.9875694, 47.5898253 "
2986,Point,bus_stop," 18.9975483, 47.5855396 "
2987,Point,bus_stop," 19.0349895, 47.5603122 "
2990,Point,bus_stop," 19.0402414, 47.5531067 "
2992,Point,bus_stop," 18.987548, 47.5900504 "
2993,Point,bus_stop," 19.0421577, 47.558261 "
2996,Point,bus_stop," 19.0356173, 47.5618276 "
2999,Point,bus_stop," 19.0310538, 47.5604594 "
3000,Point,bus_stop," 18.9782019, 47.5963813 "
3005,Point,bus_stop," 19.0399353, 47.5594032 "
3008,Point,bus_stop," 19.035518, 47.5620248 "
3012,Point,bus_stop," 18.9835625, 47.5926444 "
3019,Point,bus_stop," 19.0362951, 47.5640037 "
3021,Point,bus_stop," 18.9844388, 47.5919522 "
3022,Point,bus_stop," 19.0409714, 47.555304 "
3025,Point,bus_stop," 19.0355306, 47.5599701 "
3028,Point,bus_stop," 18.936398, 47.590238 "
3030,Point,bus_stop," 18.937112, 47.592154 "
3037,Point,bus_stop," 18.9273167, 47.5547533 "
3039,Point,bus_stop," 18.9314405, 47.5928682 "
3043,Point,bus_stop," 18.9336985, 47.550083 "
3045,Point,bus_stop," 18.9182973, 47.5605445 "
3046,Point,bus_stop," 18.9380911, 47.5924041 "
3048,Point,bus_stop," 18.89315, 47.575338 "
3049,Point,bus_stop," 18.920585, 47.558974 "
3050,Point,bus_stop," 18.9269612, 47.5548643 "
3054,Point,bus_stop," 18.929721, 47.591401 "
3056,Point,bus_stop," 18.9360663, 47.5899569 "
3059,Point,bus_stop," 18.89885, 47.571604 "
3067,Point,bus_stop," 18.9213899, 47.5587285 "
3069,Point,bus_stop," 18.9340683, 47.5496433 "
3075,Point,bus_stop," 18.93838, 47.5770363 "
3077,Point,bus_stop," 18.9179081, 47.5606695 "
3080,Point,bus_stop," 18.8841672, 47.5760367 "
3085,Point,bus_stop," 18.9371365, 47.5880015 "
3088,Point,bus_stop," 18.9293319, 47.591463 "
3090,Point,bus_stop," 18.9391993, 47.5822191 "
3091,Point,bus_stop," 18.884482, 47.57592 "
3123,Point,bus_stop," 19.2712186, 47.4111835 "
3124,Point,bus_stop," 19.2587013, 47.4154656 "
3125,Point,bus_stop," 19.2585452, 47.4156906 "
3126,Point,bus_stop," 19.279425, 47.4102106 "
3127,Point,bus_stop," 19.2716697, 47.411503 "
3128,Point,bus_stop," 19.2810896, 47.4071755 "
3129,Point,bus_stop," 19.2624149, 47.4144195 "
3130,Point,bus_stop," 19.2626891, 47.4141966 "
3134,Point,bus_stop," 19.0653348, 47.4214158 "
3135,Point,bus_stop," 19.0510796, 47.3882568 "
3137,Point,bus_stop," 19.0538913, 47.3940654 "
3144,Point,bus_stop," 19.0495497, 47.3826434 "
3214,Point,bus_stop," 19.0779364, 47.4265163 "
3288,Point,bus_stop," 19.2175519, 47.5614684 "
3441,Point,bus_stop," 19.1427795, 47.4525748 "
3460,Point,bus_stop," 19.051787, 47.616739 "
3461,Point,bus_stop," 19.0515215, 47.6170824 "
3463,Point,bus_stop," 19.0457528, 47.6217476 "
3475,Point,bus_stop," 19.0355534, 47.5142305 "
3478,Point,bus_stop," 19.0324708, 47.4934844 "
3493,Point,bus_stop," 19.0439399, 47.6270594 "
3494,Point,bus_stop," 19.0433553, 47.6284614 "
3524,Point,bus_stop," 19.0903295, 47.5490131 "
3544,Point,bus_stop," 19.080578, 47.547779 "
3549,Point,bus_stop," 19.0714132, 47.5293773 "
3550,Point,bus_stop," 19.0715207, 47.5298501 "
3556,Point,bus_stop," 19.097436, 47.546505 "
3560,Point,bus_stop," 19.080367, 47.5237825 "
3563,Point,bus_stop," 19.0955889, 47.5453335 "
3568,Point,bus_stop," 19.0773832, 47.5261533 "
3573,Point,bus_stop," 19.083265, 47.55233 "
3579,Point,bus_stop," 19.068091, 47.53146 "
3583,Point,bus_stop," 19.078729, 47.543759 "
3587,Point,bus_stop," 19.073663, 47.533542 "
3589,Point,bus_stop," 19.0768568, 47.5395836 "
3596,Point,bus_stop," 19.0985547, 47.5492862 "
3661,Point,bus_stop," 19.1176018, 47.6089656 "
3842,Point,bus_stop," 19.1499985, 47.5650597 "
3985,Point,bus_stop," 19.2467078, 47.5414899 "
4005,Point,bus_stop," 19.2188312, 47.5203147 "
4033,Point,bus_stop," 19.2286263, 47.525805 "
4046,Point,bus_stop," 19.2528424, 47.5399389 "
4076,Point,bus_stop," 19.2461228, 47.5368656 "
4161,Point,bus_stop," 19.2697581, 47.4988374 "
4177,Point,bus_stop," 19.2643608, 47.4974749 "
4218,Point,bus_stop," 19.2734454, 47.4966658 "
4241,Point,bus_stop," 19.2411909, 47.4780223 "
4335,Point,bus_stop," 19.244821, 47.4768182 "
4474,Point,bus_stop," 19.176736, 47.433213 "
4582,Point,bus_stop," 19.1406585, 47.4376889 "
4585,Point,bus_stop," 19.1497823, 47.4320441 "
4586,Point,bus_stop," 19.1489994, 47.4328421 "
4605,Point,bus_stop," 19.131217, 47.4432242 "
4621,Point,bus_stop," 19.1174708, 47.4528341 "
4627,Point,bus_stop," 19.091966, 47.453888 "
4628,Point,bus_stop," 19.090101, 47.454375 "
4648,Point,bus_stop," 19.1252725, 47.4471361 "
4679,Point,bus_stop," 19.1214377, 47.4497238 "
4684,Point,bus_stop," 19.0881173, 47.4546112 "
4685,Point,bus_stop," 19.0874048, 47.454879 "
4688,Point,bus_stop," 19.1652116, 47.4198565 "
4689,Point,bus_stop," 19.1645073, 47.4201929 "
4690,Point,bus_stop," 19.0963942, 47.4543035 "
4691,Point,bus_stop," 19.0975814, 47.4543971 "
4717,Point,bus_stop," 19.1142305, 47.4543927 "
4753,Point,bus_stop," 19.1354835, 47.4405173 "
4754,Point,bus_stop," 19.1172768, 47.4526258 "
4763,Point,bus_stop," 19.122006, 47.3775022 "
4765,Point,bus_stop," 19.1164732, 47.3993324 "
4784,Point,bus_stop," 19.1151731, 47.3922303 "
4817,Point,bus_stop," 19.103319, 47.4553551 "
4818,Point,bus_stop," 19.1050311, 47.4555289 "
4866,Point,bus_stop," 19.1206848, 47.4506052 "
4868,Point,bus_stop," 19.1054302, 47.5074891 "
4869,Point,bus_stop," 19.0630037, 47.5020622 "
4870,Point,bus_stop," 19.0630519, 47.5022155 "
4871,Point,bus_stop," 19.0609803, 47.5031455 "
4872,Point,bus_stop," 19.060196, 47.5034773 "
4877,Point,bus_stop," 19.1087762, 47.492832 "
4878,Point,bus_stop," 19.1092924, 47.4940009 "
4882,Point,bus_stop," 19.0654205, 47.5031691 "
4886,Point,bus_stop," 19.1099245, 47.4902559 "
4887,Point,bus_stop," 19.1092386, 47.4910627 "
4888,Point,bus_stop," 19.1087761, 47.4968305 "
4889,Point,bus_stop," 19.1093067, 47.496835 "
4890,Point,bus_stop," 19.0777194, 47.4946531 "
4891,Point,bus_stop," 19.0765114, 47.4948684 "
4892,Point,bus_stop," 19.0766866, 47.5030083 "
4912,Point,bus_stop," 19.1078534, 47.5006842 "
4913,Point,bus_stop," 19.108378, 47.5007992 "
4917,Point,bus_stop," 19.1037254, 47.4998369 "
4924,Point,bus_stop," 19.0659936, 47.50363 "
4927,Point,bus_stop," 19.3582133, 47.5922945 "
4928,Point,bus_stop," 19.3562506, 47.5986739 "
4929,Point,bus_stop," 19.3556095, 47.5987565 "
4930,Point,bus_stop," 19.3490367, 47.5979183 "
4931,Point,bus_stop," 19.3468824, 47.5991608 "
4932,Point,bus_stop," 19.3467483, 47.5990542 "
4933,Point,bus_stop," 19.268877, 47.5513388 "
4934,Point,bus_stop," 19.2705433, 47.5524335 "
4935,Point,bus_stop," 19.2827593, 47.560794 "
4936,Point,bus_stop," 19.259922, 47.5455319 "
4937,Point,bus_stop," 19.259706, 47.5455868 "
4938,Point,bus_stop," 19.2714915, 47.5954627 "
4939,Point,bus_stop," 19.2851945, 47.5927598 "
4940,Point,bus_stop," 19.284758, 47.5928244 "
4941,Point,bus_stop," 19.2610495, 47.5783399 "
4942,Point,bus_stop," 19.2723349, 47.5696322 "
4943,Point,bus_stop," 19.2718944, 47.5695219 "
4944,Point,bus_stop," 19.2662571, 47.5751856 "
4945,Point,bus_stop," 19.2654278, 47.5755488 "
4946,Point,bus_stop," 19.2692046, 47.5731129 "
4947,Point,bus_stop," 19.2692154, 47.5729522 "
4948,Point,bus_stop," 19.2831483, 47.5601957 "
4949,Point,bus_stop," 19.2836461, 47.5607251 "
4994,Point,bus_stop," 19.1103166, 47.456322 "
4995,Point,bus_stop," 19.1112277, 47.4565378 "
5003,Point,bus_stop," 19.1295241, 47.4878087 "
5024,Point,bus_stop," 19.148421, 47.4903898 "
5052,Point,bus_stop," 19.1275877, 47.483417 "
5059,Point,bus_stop," 19.1269196, 47.4843087 "
5101,Point,bus_stop," 19.1328424, 47.4874958 "
5137,Point,bus_stop," 19.1245069, 47.4894286 "
5138,Point,bus_stop," 19.0957042, 47.5136319 "
5143,Point,bus_stop," 19.08669, 47.517933 "
5155,Point,bus_stop," 19.0929678, 47.5159565 "
5156,Point,bus_stop," 19.092788, 47.516671 "
5157,Point,bus_stop," 19.0925149, 47.5167177 "
5163,Point,bus_stop," 19.089562, 47.517806 "
5164,Point,bus_stop," 19.0897779, 47.5182518 "
5167,Point,bus_stop," 19.098066, 47.5239526 "
5168,Point,bus_stop," 19.0983694, 47.524092 "
5186,Point,bus_stop," 19.062344, 47.5101062 "
5195,Point,bus_stop," 19.0778616, 47.5177438 "
5196,Point,bus_stop," 19.0776986, 47.5177959 "
5212,Point,bus_stop," 19.1465473, 47.5131076 "
5214,Point,bus_stop," 19.1071825, 47.5364419 "
5215,Point,bus_stop," 19.106801, 47.5365688 "
5218,Point,bus_stop," 19.1191863, 47.5141544 "
5219,Point,bus_stop," 19.1192367, 47.514329 "
5221,Point,bus_stop," 19.1041439, 47.5068019 "
5223,Point,bus_stop," 19.1013117, 47.5216705 "
5230,Point,bus_stop," 19.1397373, 47.5151246 "
5234,Point,bus_stop," 19.1189556, 47.5197294 "
5235,Point,bus_stop," 19.1193454, 47.5202284 "
5241,Point,bus_stop," 19.1006166, 47.5267756 "
5242,Point,bus_stop," 19.1011653, 47.5276068 "
5251,Point,bus_stop," 19.1337371, 47.5154079 "
5252,Point,bus_stop," 19.1330869, 47.5156712 "
5254,Point,bus_stop," 19.1056314, 47.5069682 "
5255,Point,bus_stop," 19.105723, 47.507113 "
5265,Point,bus_stop," 19.1037535, 47.5198819 "
5271,Point,bus_stop," 19.1303964, 47.5174596 "
5272,Point,bus_stop," 19.1299149, 47.5176078 "
5278,Point,bus_stop," 19.1156009, 47.5169448 "
5279,Point,bus_stop," 19.1162354, 47.5175471 "
5292,Point,bus_stop," 19.1124976, 47.5102095 "
5293,Point,bus_stop," 19.1122533, 47.5102492 "
5301,Point,bus_stop," 19.1027253, 47.5295552 "
5302,Point,bus_stop," 19.1030996, 47.5298416 "
5305,Point,bus_stop," 19.1056701, 47.5356889 "
5308,Point,bus_stop," 19.1154538, 47.5119201 "
5309,Point,bus_stop," 19.1158204, 47.5118703 "
5310,Point,bus_stop," 19.1112134, 47.5144995 "
5316,Point,bus_stop," 19.1110176, 47.5142366 "
5321,Point,bus_stop," 19.1058122, 47.5333117 "
5322,Point,bus_stop," 19.1063994, 47.5342127 "
5325,Point,bus_stop," 19.1080638, 47.5164116 "
5326,Point,bus_stop," 19.1073562, 47.5172485 "
5330,Point,bus_stop," 19.1229362, 47.5166735 "
5331,Point,bus_stop," 19.1239083, 47.5172675 "
5335,Point,bus_stop," 19.10767, 47.5079617 "
5336,Point,bus_stop," 19.1084666, 47.5082284 "
5337,Point,bus_stop," 19.103437, 47.5197046 "
5347,Point,bus_stop," 19.1429647, 47.5160363 "
5360,Point,bus_stop," 19.1581613, 47.4830497 "
5362,Point,bus_stop," 19.045889, 47.586011 "
5364,Point,bus_stop," 19.029636, 47.5457908 "
5369,Point,bus_stop," 19.0287087, 47.5476389 "
5371,Point,bus_stop," 19.2469591, 47.5411606 "
5375,Point,bus_stop," 19.341458, 47.595542 "
5376,Point,bus_stop," 19.341192, 47.595615 "
5377,Point,bus_stop," 19.3483694, 47.5978507 "
5378,Point,bus_stop," 19.0309769, 47.3378166 "
5380,Point,bus_stop," 19.0174511, 47.337332 "
5381,Point,bus_stop," 19.0176092, 47.3374997 "
5382,Point,bus_stop," 19.0041435, 47.3329715 "
5383,Point,bus_stop," 19.0037874, 47.3331149 "
5384,Point,bus_stop," 19.28224, 47.561318 "
5385,Point,bus_stop," 19.0439074, 47.5333865 "
5386,Point,bus_stop," 19.2602121, 47.4922739 "
5387,Point,bus_stop," 19.263402, 47.547883 "
5388,Point,bus_stop," 19.2640419, 47.5481097 "
5392,Point,bus_stop," 19.347012, 47.4426038 "
5393,Point,bus_stop," 19.35293, 47.4439992 "
5394,Point,bus_stop," 19.3578634, 47.4456721 "
5396,Point,bus_stop," 19.1061279, 47.3987611 "
5397,Point,bus_stop," 19.0785479, 47.5587409 "
5400,Point,bus_stop," 19.0785499, 47.5592369 "
5407,Point,bus_stop," 19.002678, 47.3314817 "
5408,Point,bus_stop," 19.0027902, 47.3315374 "
5410,Point,bus_stop," 19.002961, 47.3316422 "
5411,Point,bus_stop," 19.0027815, 47.3317183 "
5412,Point,bus_stop," 19.0031805, 47.331763 "
5413,Point,bus_stop," 19.0029662, 47.33183 "
5416,Point,bus_stop," 18.9840122, 47.4463224 "
5429,Point,bus_stop," 19.1767079, 47.4731925 "
5443,Point,bus_stop," 19.3620817, 47.4484392 "
5444,Point,bus_stop," 19.3744537, 47.4475884 "
5460,Point,bus_stop," 18.9043011, 47.6120062 "
5461,Point,bus_stop," 18.9033982, 47.6105101 "
5465,Point,bus_stop," 18.899699, 47.6135719 "
5480,Point,bus_stop," 19.0196267, 47.490388 "
5518,Point,bus_stop," 19.2813355, 47.4073137 "
5520,Point,bus_stop," 19.1759128, 47.6150493 "
5521,Point,bus_stop," 19.2079867, 47.6034617 "
5522,Point,bus_stop," 19.1930092, 47.6097043 "
5523,Point,bus_stop," 19.1883958, 47.6220137 "
5524,Point,bus_stop," 19.1959489, 47.6138343 "
5525,Point,bus_stop," 19.1827739, 47.6117006 "
5526,Point,bus_stop," 19.1749633, 47.6325849 "
5527,Point,bus_stop," 19.1759504, 47.6313414 "
5528,Point,bus_stop," 19.1800273, 47.6128579 "
5529,Point,bus_stop," 19.1835893, 47.6336116 "
5530,Point,bus_stop," 19.1853918, 47.6247615 "
5531,Point,bus_stop," 19.2084695, 47.6093788 "
5532,Point,bus_stop," 19.179963, 47.6369083 "
5533,Point,bus_stop," 19.1794694, 47.6289264 "
5534,Point,bus_stop," 19.1980237, 47.6068603 "
5535,Point,bus_stop," 19.1955734, 47.6175589 "
5536,Point,bus_stop," 19.1968185, 47.614854 "
5537,Point,bus_stop," 19.1830743, 47.626468 "
5538,Point,bus_stop," 19.183246, 47.6258317 "
5539,Point,bus_stop," 19.183761, 47.6197719 "
5540,Point,bus_stop," 19.1792345, 47.6229834 "
5541,Point,bus_stop," 19.2026652, 47.611339 "
5542,Point,bus_stop," 19.1873873, 47.6174287 "
5543,Point,bus_stop," 19.1913785, 47.6194537 "
5566,Point,bus_stop," 18.9009618, 47.6133464 "
5598,Point,bus_stop," 19.0538402, 47.5978344 "
5600,Point,bus_stop," 19.0285474, 47.4707693 "
5601,Point,bus_stop," 19.0291228, 47.4707866 "
5602,Point,bus_stop," 19.115421, 47.465636 "
5612,Point,bus_stop," 19.0248983, 47.4691784 "
5613,Point,bus_stop," 19.0259013, 47.4693863 "
5616,Point,bus_stop," 19.033031, 47.472726 "
5655,Point,bus_stop," 19.1161791, 47.4684654 "
5656,Point,bus_stop," 18.9282336, 47.5974022 "
5662,Point,bus_stop," 19.1368176, 47.5055822 "
5663,Point,bus_stop," 18.9315801, 47.4240952 "
5672,Point,bus_stop," 19.0036018, 47.5291563 "
5673,Point,bus_stop," 19.1735856, 47.5935763 "
5674,Point,bus_stop," 19.1740851, 47.5941105 "
5675,Point,bus_stop," 18.9165076, 47.5021555 "
5684,Point,bus_stop," 18.9325505, 47.5926898 "
5728,Point,bus_stop," 18.9240867, 47.3835156 "
5729,Point,bus_stop," 19.1054511, 47.3991691 "
5730,Point,bus_stop," 19.1615549, 47.5810199 "
5737,Point,bus_stop," 19.1506718, 47.615546 "
5738,Point,bus_stop," 19.1551457, 47.6192127 "
5739,Point,bus_stop," 19.1674919, 47.6203933 "
5741,Point,bus_stop," 18.9695446, 47.3383934 "
5742,Point,bus_stop," 18.9695189, 47.3385272 "
5743,Point,bus_stop," 19.2793054, 47.5624555 "
5744,Point,bus_stop," 19.2794261, 47.5622999 "
5763,Point,bus_stop," 19.2435, 47.416015 "
5765,Point,bus_stop," 19.241461, 47.416612 "
5768,Point,bus_stop," 19.2494096, 47.4183567 "
5770,Point,bus_stop," 19.238604, 47.4219378 "
5771,Point,bus_stop," 19.2383895, 47.4221263 "
5775,Point,bus_stop," 19.1443274, 47.4919061 "
5776,Point,bus_stop," 19.0105545, 47.5726217 "
5777,Point,bus_stop," 19.251865, 47.416747 "
5778,Point,bus_stop," 19.0047427, 47.5723524 "
5799,Point,bus_stop," 19.030188, 47.548628 "
5800,Point,bus_stop," 19.029882, 47.548862 "
5804,Point,bus_stop," 19.0421354, 47.5509592 "
5820,Point,bus_stop," 18.8616932, 47.3564074 "
5821,Point,bus_stop," 18.8625629, 47.3567716 "
5830,Point,bus_stop," 19.0756711, 47.5018459 "
5831,Point,bus_stop," 19.3691297, 47.5868487 "
5832,Point,bus_stop," 19.3529456, 47.5991464 "
5833,Point,bus_stop," 19.3594286, 47.6008841 "
5834,Point,bus_stop," 19.3589123, 47.6009602 "
5835,Point,bus_stop," 19.3696103, 47.6017775 "
5836,Point,bus_stop," 19.3704471, 47.6019511 "
5837,Point,bus_stop," 19.3767463, 47.6017205 "
5838,Point,bus_stop," 19.3757378, 47.6019972 "
5839,Point,bus_stop," 19.3851887, 47.5998819 "
5840,Point,bus_stop," 19.3856347, 47.5999249 "
5841,Point,bus_stop," 19.3921799, 47.5983075 "
5842,Point,bus_stop," 19.3956953, 47.5974962 "
5843,Point,bus_stop," 19.3843933, 47.5998428 "
5844,Point,bus_stop," 19.3837907, 47.599384 "
5845,Point,bus_stop," 19.3854656, 47.5968542 "
5846,Point,bus_stop," 19.3850753, 47.5969912 "
5847,Point,bus_stop," 19.3881358, 47.5947473 "
5848,Point,bus_stop," 19.3884627, 47.594467 "
5849,Point,bus_stop," 19.3908771, 47.5933585 "
5850,Point,bus_stop," 19.3909191, 47.5935002 "
5851,Point,bus_stop," 19.3933708, 47.5900704 "
5858,Point,bus_stop," 19.0308228, 47.3376805 "
5859,Point,bus_stop," 19.0493494, 47.3825892 "
5862,Point,bus_stop," 19.0488384, 47.3745297 "
5863,Point,bus_stop," 19.0485759, 47.373857 "
5868,Point,bus_stop," 19.218268, 47.5443904 "
5869,Point,bus_stop," 19.21872, 47.544474 "
5870,Point,bus_stop," 19.0492934, 47.578297 "
5874,Point,bus_stop," 19.1526636, 47.4872289 "
5875,Point,bus_stop," 19.0967175, 47.4443358 "
5878,Point,bus_stop," 19.1382558, 47.4556023 "
5879,Point,bus_stop," 19.1382908, 47.4559473 "
5884,Point,bus_stop," 19.1039121, 47.4485038 "
5885,Point,bus_stop," 19.1587714, 47.482502 "
5887,Point,bus_stop," 19.044885, 47.5555309 "
5888,Point,bus_stop," 19.0362199, 47.5326177 "
5901,Point,bus_stop," 19.0787919, 47.5252587 "
5902,Point,bus_stop," 19.051192, 47.550311 "
5903,Point,bus_stop," 19.050936, 47.5503972 "
5920,Point,bus_stop," 18.9264412, 47.5814132 "
5922,Point,bus_stop," 19.0544181, 47.5476249 "
5923,Point,bus_stop," 19.054878, 47.5477441 "
5924,Point,bus_stop," 19.2043461, 47.535524 "
5926,Point,bus_stop," 18.9986736, 47.4052357 "
5927,Point,bus_stop," 18.9167379, 47.5022877 "
5935,Point,bus_stop," 19.06916, 47.496881 "
5942,Point,bus_stop," 19.132158, 47.459964 "
5943,Point,bus_stop," 19.223835, 47.544759 "
5944,Point,bus_stop," 19.224713, 47.544887 "
5945,Point,bus_stop," 19.2250922, 47.5424354 "
5946,Point,bus_stop," 19.2254202, 47.5427796 "
5947,Point,bus_stop," 19.2078227, 47.5338424 "
5948,Point,bus_stop," 19.056679, 47.550284 "
5949,Point,bus_stop," 19.0567114, 47.5505577 "
5950,Point,bus_stop," 19.0579414, 47.5546041 "
5953,Point,bus_stop," 19.0690669, 47.5314067 "
5960,Point,bus_stop," 19.3484052, 47.5966307 "
5963,Point,bus_stop," 19.3433037, 47.624825 "
5964,Point,bus_stop," 19.347351, 47.6165558 "
5965,Point,bus_stop," 19.3507465, 47.6134476 "
5966,Point,bus_stop," 19.3529282, 47.5922806 "
5967,Point,bus_stop," 19.3526844, 47.5918435 "
5968,Point,bus_stop," 19.3438534, 47.6200277 "
5969,Point,bus_stop," 19.3544283, 47.5854376 "
5970,Point,bus_stop," 19.3530061, 47.5880867 "
5972,Point,bus_stop," 19.3544666, 47.5850268 "
5973,Point,bus_stop," 18.9567205, 47.4109264 "
5974,Point,bus_stop," 19.385273, 47.3636516 "
5975,Point,bus_stop," 19.3847394, 47.3638216 "
5976,Point,bus_stop," 19.3482232, 47.6066261 "
5987,Point,bus_stop," 19.3896114, 47.3607315 "
5988,Point,bus_stop," 19.3946512, 47.3578649 "
5989,Point,bus_stop," 19.393578, 47.3586336 "
5990,Point,bus_stop," 19.3901405, 47.360565 "
5991,Point,bus_stop," 18.9239974, 47.3828489 "
5992,Point,bus_stop," 19.3703957, 47.605752 "
6000,Point,bus_stop," 19.3472648, 47.6011919 "
6001,Point,bus_stop," 19.351784, 47.6053753 "
6002,Point,bus_stop," 19.3530036, 47.599349 "
6003,Point,bus_stop," 19.3475293, 47.5972907 "
6004,Point,bus_stop," 19.0490415, 47.4609592 "
6005,Point,bus_stop," 19.3513934, 47.6131827 "
6011,Point,bus_stop," 18.9119195, 47.4255759 "
6027,Point,bus_stop," 18.9130419, 47.4286383 "
6055,Point,bus_stop," 19.2478354, 47.4091629 "
6056,Point,bus_stop," 19.2477442, 47.4089541 "
6059,Point,bus_stop," 18.8893744, 47.4639973 "
6071,Point,bus_stop," 19.1710736, 47.4377645 "
6074,Point,bus_stop," 19.2638549, 47.4293555 "
6101,Point,bus_stop," 18.9975732, 47.3403545 "
6102,Point,bus_stop," 18.9973264, 47.3413814 "
6250,Point,bus_stop," 18.9131859, 47.428631 "
6260,Point,bus_stop," 19.0868457, 47.3401965 "
6261,Point,bus_stop," 19.197067, 47.606617 "
6262,Point,bus_stop," 19.193267, 47.60935 "
6263,Point,bus_stop," 19.19643, 47.60578 "
6273,Point,bus_stop," 19.1176889, 47.3452027 "
6275,Point,bus_stop," 19.143329, 47.5088696 "
6276,Point,bus_stop," 19.2023314, 47.5368867 "
6277,Point,bus_stop," 19.2081296, 47.5394053 "
6278,Point,bus_stop," 19.2240743, 47.5463097 "
6279,Point,bus_stop," 19.2275063, 47.5508097 "
6280,Point,bus_stop," 19.2228593, 47.5540038 "
6281,Point,bus_stop," 19.2196268, 47.5572537 "
6282,Point,bus_stop," 19.2197337, 47.5567732 "
6283,Point,bus_stop," 19.2187184, 47.5588852 "
6284,Point,bus_stop," 19.2184131, 47.559242 "
6285,Point,bus_stop," 19.2233594, 47.55357 "
6286,Point,bus_stop," 19.2274109, 47.5511016 "
6287,Point,bus_stop," 19.2244522, 47.546857 "
6288,Point,bus_stop," 19.2236696, 47.5447537 "
6289,Point,bus_stop," 19.2078434, 47.5393901 "
6290,Point,bus_stop," 19.1427799, 47.5088227 "
6291,Point,bus_stop," 18.9611655, 47.5996768 "
6292,Point,bus_stop," 19.003717, 47.331117 "
6293,Point,bus_stop," 19.1070515, 47.349181 "
6294,Point,bus_stop," 19.1183635, 47.3497733 "
6295,Point,bus_stop," 19.11696, 47.350505 "
6296,Point,bus_stop," 19.10042, 47.351452 "
6297,Point,bus_stop," 19.094975, 47.352702 "
6298,Point,bus_stop," 19.095075, 47.352991 "
6299,Point,bus_stop," 19.0912884, 47.3540105 "
6300,Point,bus_stop," 19.085643, 47.355397 "
6301,Point,bus_stop," 19.085033, 47.357083 "
6302,Point,bus_stop," 19.1291441, 47.6078024 "
6303,Point,bus_stop," 19.22998, 47.63958 "
6304,Point,bus_stop," 19.127683, 47.637817 "
6305,Point,bus_stop," 19.143967, 47.637533 "
6306,Point,bus_stop," 19.147817, 47.635217 "
6307,Point,bus_stop," 19.146367, 47.632467 "
6308,Point,bus_stop," 19.1459, 47.62815 "
6309,Point,bus_stop," 19.150767, 47.627167 "
6310,Point,bus_stop," 19.130733, 47.630867 "
6311,Point,bus_stop," 19.130367, 47.634267 "
6312,Point,bus_stop," 19.15085, 47.641317 "
6313,Point,bus_stop," 19.156983, 47.624183 "
6314,Point,bus_stop," 19.139583, 47.640283 "
6315,Point,bus_stop," 19.160367, 47.5795 "
6316,Point,bus_stop," 19.1888, 47.621383 "
6317,Point,bus_stop," 19.15856, 47.58689 "
6318,Point,bus_stop," 19.1811287, 47.5981692 "
6319,Point,bus_stop," 19.193667, 47.602883 "
6320,Point,bus_stop," 19.20381, 47.60485 "
6321,Point,bus_stop," 19.176086, 47.61405 "
6322,Point,bus_stop," 19.2235, 47.63659 "
6323,Point,bus_stop," 19.321835, 47.4444721 "
6324,Point,bus_stop," 19.242073, 47.404623 "
6325,Point,bus_stop," 19.245817, 47.41385 "
6326,Point,bus_stop," 19.258983, 47.39985 "
6327,Point,bus_stop," 19.257016, 47.405886 "
6328,Point,bus_stop," 19.253367, 47.403517 "
6329,Point,bus_stop," 19.2489244, 47.40057 "
6330,Point,bus_stop," 19.339113, 47.594133 "
6331,Point,bus_stop," 19.343965, 47.601845 "
6332,Point,bus_stop," 19.377218, 47.603527 "
6333,Point,bus_stop," 19.325037, 47.604018 "
6334,Point,bus_stop," 19.340245, 47.605153 "
6335,Point,bus_stop," 19.362487, 47.607167 "
6336,Point,bus_stop," 19.372017, 47.607708 "
6337,Point,bus_stop," 19.349417, 47.607953 "
6338,Point,bus_stop," 19.351885, 47.609228 "
6339,Point,bus_stop," 19.365728, 47.609553 "
6340,Point,bus_stop," 19.353575, 47.609807 "
6341,Point,bus_stop," 19.369352, 47.609882 "
6342,Point,bus_stop," 19.340383, 47.623003 "
6343,Point,bus_stop," 19.36396, 47.578915 "
6344,Point,bus_stop," 19.286875, 47.510911 "
6345,Point,bus_stop," 19.391042, 47.525937 "
6346,Point,bus_stop," 19.395458, 47.528133 "
6347,Point,bus_stop," 19.38782, 47.54758 "
6348,Point,bus_stop," 19.39769, 47.5349 "
6349,Point,bus_stop," 19.39924, 47.52954 "
6350,Point,bus_stop," 19.39093, 47.54351 "
6351,Point,bus_stop," 19.39445, 47.52929 "
6352,Point,bus_stop," 19.39467, 47.53879 "
6353,Point,bus_stop," 19.290017, 47.563767 "
6354,Point,bus_stop," 19.293247, 47.568818 "
6355,Point,bus_stop," 19.263283, 47.597633 "
6356,Point,bus_stop," 19.24599, 47.60186 "
6357,Point,bus_stop," 19.3908491, 47.5987386 "
6358,Point,bus_stop," 19.2893008, 47.525138 "
6359,Point,bus_stop," 19.2729774, 47.5243917 "
6360,Point,bus_stop," 19.281955, 47.531248 "
6361,Point,bus_stop," 19.34316, 47.49127 "
6362,Point,bus_stop," 19.324367, 47.6234052 "
6363,Point,bus_stop," 19.309045, 47.639369 "
6364,Point,bus_stop," 19.31374, 47.6349055 "
6365,Point,bus_stop," 19.320492, 47.629344 "
6366,Point,bus_stop," 19.331749, 47.500491 "
6367,Point,bus_stop," 19.331956, 47.502249 "
6368,Point,bus_stop," 19.330111, 47.5041083 "
6369,Point,bus_stop," 19.3281898, 47.5052376 "
6370,Point,bus_stop," 19.3262789, 47.5054732 "
6371,Point,bus_stop," 19.260906, 47.54713 "
6372,Point,bus_stop," 19.268561, 47.567225 "
6373,Point,bus_stop," 19.229033, 47.597083 "
6374,Point,bus_stop," 19.30307, 47.63073 "
6376,Point,bus_stop," 19.392517, 47.416783 "
6377,Point,bus_stop," 19.397483, 47.41275 "
6378,Point,bus_stop," 19.3966322, 47.41382 "
6379,Point,bus_stop," 19.385756, 47.438708 "
6380,Point,bus_stop," 19.375053, 47.43964 "
6387,Point,bus_stop," 19.3947926, 47.422542 "
6388,Point,bus_stop," 19.3956087, 47.4219295 "
6389,Point,bus_stop," 19.3935755, 47.4230026 "
6390,Point,bus_stop," 19.3938675, 47.4291439 "
6391,Point,bus_stop," 19.3936459, 47.4290297 "
6392,Point,bus_stop," 19.3982951, 47.4260919 "
6393,Point,bus_stop," 19.4001099, 47.4200908 "
6395,Point,bus_stop," 19.3904229, 47.4197961 "
6396,Point,bus_stop," 19.389628, 47.419258 "
6397,Point,bus_stop," 19.3829924, 47.4285222 "
6398,Point,bus_stop," 19.3834608, 47.4287733 "
6399,Point,bus_stop," 19.3788595, 47.4330587 "
6400,Point,bus_stop," 19.3784968, 47.4337172 "
6401,Point,bus_stop," 19.3905947, 47.424997 "
6402,Point,bus_stop," 19.3902726, 47.4248426 "
6404,Point,bus_stop," 19.1298548, 47.6295585 "
6405,Point,bus_stop," 19.1368231, 47.6258531 "
6406,Point,bus_stop," 19.1380532, 47.6292041 "
6416,Point,bus_stop," 19.3804707, 47.4329011 "
6417,Point,bus_stop," 19.3944814, 47.4303025 "
6418,Point,bus_stop," 18.9388376, 47.5760743 "
6420,Point,bus_stop," 19.0425434, 47.4868819 "
6448,Point,bus_stop," 19.1126943, 47.3476424 "
6452,Point,bus_stop," 19.0183379, 47.4131983 "
6455,Point,bus_stop," 19.3321341, 47.4592219 "
6461,Point,bus_stop," 18.8828458, 47.4132797 "
6463,Point,bus_stop," 18.965019, 47.4479288 "
6474,Point,bus_stop," 18.9498144, 47.5960337 "
6476,Point,bus_stop," 19.1294829, 47.6356782 "
6477,Point,bus_stop," 19.1128024, 47.6195777 "
6479,Point,bus_stop," 19.1288874, 47.6310219 "
6480,Point,bus_stop," 18.8807416, 47.4156847 "
6487,Point,bus_stop," 19.1269341, 47.6383939 "
6499,Point,bus_stop," 19.1107224, 47.5643922 "
6500,Point,bus_stop," 19.1035816, 47.4814115 "
6511,Point,bus_stop," 19.2363273, 47.5962978 "
6512,Point,bus_stop," 19.2392415, 47.6003926 "
6513,Point,bus_stop," 19.371972, 47.4412971 "
6517,Point,bus_stop," 19.0153384, 47.4651521 "
6520,Point,bus_stop," 19.0229143, 47.5077935 "
6524,Point,bus_stop," 19.3377486, 47.4934126 "
6525,Point,bus_stop," 19.04896, 47.4771474 "
6526,Point,bus_stop," 19.0526835, 47.4745435 "
6527,Point,bus_stop," 19.0524769, 47.4716861 "
6540,Point,bus_stop," 19.0429854, 47.5159119 "
6543,Point,bus_stop," 19.1904028, 47.5104762 "
6545,Point,bus_stop," 19.1370813, 47.5043027 "
6546,Point,bus_stop," 19.3207491, 47.4445595 "
6552,Point,bus_stop," 19.1228167, 47.4830073 "
6553,Point,bus_stop," 19.1228602, 47.4831382 "
6554,Point,bus_stop," 18.9089105, 47.4890264 "
6555,Point,bus_stop," 19.2832555, 47.5263484 "
6556,Point,bus_stop," 19.0965862, 47.4721018 "
6559,Point,bus_stop," 18.9576469, 47.4318879 "
6560,Point,bus_stop," 18.9576822, 47.4343938 "
6561,Point,bus_stop," 18.9572599, 47.437445 "
6563,Point,bus_stop," 19.0548023, 47.5007065 "
6564,Point,bus_stop," 19.0425139, 47.4868637 "
6565,Point,bus_stop," 19.0538142, 47.4926369 "
6566,Point,bus_stop," 19.0560835, 47.4972908 "
6567,Point,bus_stop," 19.0385285, 47.5065095 "
6568,Point,bus_stop," 19.0386336, 47.514487 "
6572,Point,bus_stop," 19.0464193, 47.6203004 "
6573,Point,bus_stop," 19.0827334, 47.5603169 "
6589,Point,bus_stop," 19.2604238, 47.5540401 "
6590,Point,bus_stop," 19.2568339, 47.5514353 "
6591,Point,bus_stop," 19.2626406, 47.5611019 "
6592,Point,bus_stop," 19.2644786, 47.5503793 "
6593,Point,bus_stop," 19.2626355, 47.5524092 "
6594,Point,bus_stop," 19.2633875, 47.5487961 "
6597,Point,bus_stop," 19.0215089, 47.5054933 "
6598,Point,bus_stop," 19.1182697, 47.3443619 "
6600,Point,bus_stop," 19.095484, 47.3527469 "
6606,Point,bus_stop," 19.2736559, 47.5244624 "
6607,Point,bus_stop," 19.283609, 47.5261796 "
6608,Point,bus_stop," 19.0075162, 47.4547771 "
6614,Point,bus_stop," 19.1390374, 47.4772529 "
6616,Point,bus_stop," 19.3242525, 47.6233699 "
6617,Point,bus_stop," 19.3210968, 47.6287325 "
6618,Point,bus_stop," 19.3147789, 47.6340819 "
6619,Point,bus_stop," 19.3097645, 47.6387964 "
6623,Point,bus_stop," 19.3861914, 47.4265612 "
6624,Point,bus_stop," 19.3870289, 47.4260496 "
6637,Point,bus_stop," 19.0255114, 47.5007601 "
6638,Point,bus_stop," 19.0286329, 47.4986384 "
6639,Point,bus_stop," 19.054627, 47.4833683 "
6640,Point,bus_stop," 19.0286388, 47.4983669 "
6641,Point,bus_stop," 19.0253354, 47.5004631 "
6644,Point,bus_stop," 19.0583446, 47.50896 "
6645,Point,bus_stop," 19.0811491, 47.3490804 "
6646,Point,bus_stop," 19.0808594, 47.3490731 "
6647,Point,bus_stop," 19.0804732, 47.3475757 "
6648,Point,bus_stop," 19.0804839, 47.3471831 "
6649,Point,bus_stop," 19.0786064, 47.344806 "
6650,Point,bus_stop," 19.1162431, 47.3502834 "
6651,Point,bus_stop," 19.0760086, 47.3437973 "
6652,Point,bus_stop," 19.1171336, 47.3479173 "
6653,Point,bus_stop," 19.117198, 47.3475393 "
6654,Point,bus_stop," 19.0920228, 47.3654116 "
6655,Point,bus_stop," 19.0787244, 47.3429994 "
6656,Point,bus_stop," 19.0826726, 47.3407748 "
6657,Point,bus_stop," 19.0929186, 47.3647067 "
6658,Point,bus_stop," 19.0985071, 47.3629039 "
6659,Point,bus_stop," 19.0987122, 47.3627809 "
6660,Point,bus_stop," 19.0956867, 47.3586384 "
6661,Point,bus_stop," 19.0955794, 47.3588346 "
6662,Point,bus_stop," 19.1013461, 47.3554914 "
6663,Point,bus_stop," 19.101153, 47.3555204 "
6664,Point,bus_stop," 19.1043824, 47.357392 "
6665,Point,bus_stop," 19.10501, 47.3577118 "
6666,Point,bus_stop," 19.1095805, 47.3566615 "
6667,Point,bus_stop," 19.1095161, 47.3568868 "
6668,Point,bus_stop," 19.113239, 47.3534162 "
6669,Point,bus_stop," 19.1135985, 47.3532891 "
6670,Point,bus_stop," 19.1162538, 47.3501308 "
6671,Point,bus_stop," 19.1006917, 47.3454712 "
6672,Point,bus_stop," 19.1006219, 47.3452713 "
6673,Point,bus_stop," 19.0965557, 47.3470668 "
6674,Point,bus_stop," 19.0966737, 47.3473939 "
6675,Point,bus_stop," 19.0924895, 47.3488369 "
6676,Point,bus_stop," 19.1127241, 47.3474012 "
6677,Point,bus_stop," 19.1073167, 47.3492912 "
6678,Point,bus_stop," 19.1006005, 47.3511957 "
6679,Point,bus_stop," 19.0920711, 47.3539396 "
6680,Point,bus_stop," 19.0851747, 47.3552225 "
6684,Point,bus_stop," 19.1262342, 47.4646036 "
6687,Point,bus_stop," 19.3026513, 47.6317078 "
6688,Point,bus_stop," 19.3008864, 47.6188294 "
6715,Point,bus_stop," 19.239126, 47.4753608 "
6720,Point,bus_stop," 19.3898909, 47.4365363 "
6721,Point,bus_stop," 19.3920517, 47.435353 "
6722,Point,bus_stop," 19.3968496, 47.4325735 "
6723,Point,bus_stop," 18.9853459, 47.5184861 "
6724,Point,bus_stop," 19.0552096, 47.6162329 "
6730,Point,bus_stop," 19.1616154, 47.4118221 "
6734,Point,bus_stop," 19.0692473, 47.5378693 "
6738,Point,bus_stop," 19.3570921, 47.589543 "
6739,Point,bus_stop," 19.3569553, 47.5896081 "
6740,Point,bus_stop," 19.352822, 47.5882278 "
6741,Point,bus_stop," 19.3537042, 47.3810922 "
6742,Point,bus_stop," 19.3538281, 47.3808585 "
6743,Point,bus_stop," 18.9205223, 47.3280467 "
6745,Point,bus_stop," 18.9381502, 47.3355615 "
6758,Point,bus_stop," 19.0487741, 47.4616714 "
6759,Point,bus_stop," 19.040411, 47.4559495 "
6775,Point,bus_stop," 19.278858, 47.4113356 "